-- phpMyAdmin SQL Dump
-- version 2.11.11.3
-- http://www.phpmyadmin.net
--
-- Host: 166.62.8.17
-- Generation Time: Feb 14, 2018 at 04:30 AM
-- Server version: 5.5.51
-- PHP Version: 5.1.6

SET SQL_MODE="NO_AUTO_VALUE_ON_ZERO";


/*!40101 SET @OLD_CHARACTER_SET_CLIENT=@@CHARACTER_SET_CLIENT */;
/*!40101 SET @OLD_CHARACTER_SET_RESULTS=@@CHARACTER_SET_RESULTS */;
/*!40101 SET @OLD_COLLATION_CONNECTION=@@COLLATION_CONNECTION */;
/*!40101 SET NAMES utf8 */;

--
-- Database: `eyogidb`
--

-- --------------------------------------------------------

--
-- Table structure for table `ey_call_details`
--

CREATE TABLE `ey_call_details` (
  `id` int(11) NOT NULL AUTO_INCREMENT,
  `schedule_id` int(11) NOT NULL,
  `sid` varchar(235) NOT NULL,
  `status` enum('in-progress','completed','failed','busy','no-answer') NOT NULL,
  `duration` varchar(35) DEFAULT NULL,
  `price` varchar(35) DEFAULT NULL,
  `renumeration` varchar(35) DEFAULT NULL,
  `startTime` time DEFAULT NULL,
  `endTime` time DEFAULT NULL,
  `dateCreated` datetime NOT NULL,
  `dateUpdated` datetime NOT NULL,
  PRIMARY KEY (`id`)
) ENGINE=InnoDB  DEFAULT CHARSET=latin1 AUTO_INCREMENT=211 ;

--
-- Dumping data for table `ey_call_details`
--

INSERT INTO `ey_call_details` VALUES(2, 51, '06c60f4a5b3319c176d6e2a9da53585b', 'busy', '0', '0.000000', '300', '17:30:24', '17:30:24', '2017-12-07 17:30:23', '2017-12-07 17:31:47');
INSERT INTO `ey_call_details` VALUES(3, 41, '5e6462022b98e0e4bd41b59427f92ec5', 'completed', '73', '1.500000', '500', '16:00:15', '16:01:28', '2017-12-12 15:59:42', '2017-12-12 16:07:28');
INSERT INTO `ey_call_details` VALUES(4, 9, '6c5a0548b5f13fe72652976296f1bb10', 'busy', '0', '0.000000', '450', '16:09:17', '16:09:17', '2017-12-12 16:09:17', '2017-12-12 16:11:08');
INSERT INTO `ey_call_details` VALUES(5, 61, '69edb1b8a93e94ad280571d5bce0fda8', 'completed', '120', '6.00', NULL, '16:01:39', '16:03:09', '2017-12-30 16:01:25', '2017-12-30 16:04:46');
INSERT INTO `ey_call_details` VALUES(6, 61, '7ccbf94894ed05ccfdb98e86692a62ca', 'failed', '0', '0.000000', NULL, '16:01:25', '16:01:25', '2017-12-30 16:01:25', '2017-12-30 16:04:46');
INSERT INTO `ey_call_details` VALUES(7, 153, 'bd839bca058d09a106555534f18a523a', 'completed', '134', '3.750000', '300', '15:00:44', '15:02:58', '2018-01-18 15:00:33', '2018-01-18 15:05:04');
INSERT INTO `ey_call_details` VALUES(8, 2, 'a0b37afbb6e62674c399cfdfeb1615a3', 'no-answer', '46', '0.750000', '450', '18:01:25', '18:02:11', '2018-01-18 18:00:47', '2018-01-18 18:03:09');
INSERT INTO `ey_call_details` VALUES(9, 4, '67396577df62500bd510b1618cea14fc', 'completed', '117', '3.000000', '200', '18:28:57', '18:30:54', '2018-01-18 18:28:06', '2018-01-18 18:32:40');
INSERT INTO `ey_call_details` VALUES(10, 4, 'f54eebad5a4521fcc46fb76964c0ce39', 'completed', '40', '1.500000', '200', '18:28:35', '18:29:15', '2018-01-18 18:28:17', '2018-01-18 18:31:02');
INSERT INTO `ey_call_details` VALUES(11, 4, '5e99ca55eda8139ff33f94ab9a29f661', 'failed', '0', '0.000000', '200', '18:28:47', '18:28:47', '2018-01-18 18:28:46', '2018-01-18 18:32:04');
INSERT INTO `ey_call_details` VALUES(12, 4, 'ad587e10f66ba0e96a794cf03c87691e', 'completed', '84', '3.000000', '200', '18:35:14', '18:36:38', '2018-01-18 18:35:06', '2018-01-18 18:37:47');
INSERT INTO `ey_call_details` VALUES(13, 4, '20a2b861aa6ec971b687fbcb3b8a12b5', 'completed', '109', '0.000000', '200', '18:58:17', '19:00:06', '2018-01-18 18:58:06', '2018-01-18 19:00:55');
INSERT INTO `ey_call_details` VALUES(14, 4, '2a41c4cbde1d0e9bef6fd29c55c6bbc9', 'failed', '0', '0.000000', '200', '18:58:15', '18:58:15', '2018-01-18 18:58:15', '2018-01-18 18:59:48');
INSERT INTO `ey_call_details` VALUES(15, 4, '01190362b3b3dcbf613f99fb98946df9', 'busy', '0', '0.000000', '200', '18:58:17', '18:58:17', '2018-01-18 18:58:17', '2018-01-18 18:59:58');
INSERT INTO `ey_call_details` VALUES(16, 4, '6cdb5212625106084f4cfd828716a871', 'completed', '88', '0.000000', '200', '19:04:15', '19:05:43', '2018-01-18 19:04:06', '2018-01-18 19:07:10');
INSERT INTO `ey_call_details` VALUES(17, 4, '3cd3ae0b4ac4bbcdcb8433afe3ea5719', 'no-answer', '0', '0.000000', '200', '19:04:15', '19:04:15', '2018-01-18 19:04:15', '2018-01-18 19:06:02');
INSERT INTO `ey_call_details` VALUES(18, 4, 'fc23e7fc47b82e829f34b8c0d4e49d58', 'busy', '0', '0.000000', '200', '19:04:17', '19:04:17', '2018-01-18 19:04:17', '2018-01-18 19:06:04');
INSERT INTO `ey_call_details` VALUES(19, 2, '3ac283d6ccf2280059e9693a8e3731c0', 'completed', '86', '3.000000', '450', '19:09:15', '19:10:41', '2018-01-18 19:09:06', '2018-01-18 19:11:46');
INSERT INTO `ey_call_details` VALUES(20, 2, '1a5214a83f44c4bdc840bdb705d1926d', 'busy', '0', '0.000000', '450', '19:09:15', '19:09:15', '2018-01-18 19:09:15', '2018-01-18 19:10:33');
INSERT INTO `ey_call_details` VALUES(21, 2, '8cb678a7396a0af3e24a22e029f1050b', 'busy', '0', '0.000000', '450', '19:09:17', '19:09:17', '2018-01-18 19:09:17', '2018-01-18 19:11:04');
INSERT INTO `ey_call_details` VALUES(22, 5, '575ab815cadef97990cbabb6d36b64ba', 'completed', '98', '0.000000', '400', '10:33:23', '10:35:01', '2018-01-19 10:33:12', '2018-01-19 10:36:37');
INSERT INTO `ey_call_details` VALUES(23, 5, 'de79124d4b59f526bf2395885d666ffc', 'busy', '0', '0.000000', '400', '10:33:38', '10:33:38', '2018-01-19 10:33:38', '2018-01-19 10:35:57');
INSERT INTO `ey_call_details` VALUES(24, 5, 'e18832c3ce2231ece5e4b14f6d009050', 'busy', '0', '0.000000', '400', '10:33:58', '10:33:58', '2018-01-19 10:33:58', '2018-01-19 10:35:57');
INSERT INTO `ey_call_details` VALUES(25, 5, '89a18241210de4370fa760ce6d19da85', 'busy', '0', '0.000000', '400', '10:38:12', '10:38:12', '2018-01-19 10:38:12', '2018-01-19 10:40:22');
INSERT INTO `ey_call_details` VALUES(26, 5, 'f22165ef4f3ddc0b965ca680460ccf1e', 'busy', '0', '0.000000', '400', '10:38:38', '10:38:38', '2018-01-19 10:38:38', '2018-01-19 10:39:54');
INSERT INTO `ey_call_details` VALUES(27, 5, '606261cb4b10c4048a7401aee6e1e9aa', 'busy', '0', '0.000000', '400', '10:38:58', '10:38:58', '2018-01-19 10:38:58', '2018-01-19 10:40:21');
INSERT INTO `ey_call_details` VALUES(28, 5, 'e549e28f5cb06dc25061d8f99374261f', 'busy', '0', '0.000000', '400', '10:47:57', '10:47:57', '2018-01-19 10:47:57', '2018-01-19 10:50:25');
INSERT INTO `ey_call_details` VALUES(29, 5, '2e4a0c6345c2430465652d8baad5c04c', 'failed', '0', '0.000000', '400', '10:47:58', '10:47:58', '2018-01-19 10:47:58', '2018-01-19 10:49:44');
INSERT INTO `ey_call_details` VALUES(30, 5, 'f9e4949a30045c079ea549746ae971e7', 'completed', '78', '0.000000', '400', '10:50:11', '10:51:29', '2018-01-19 10:50:02', '2018-01-19 10:52:35');
INSERT INTO `ey_call_details` VALUES(31, 5, 'aa78b0574ec93f8e85501b5af43ce960', 'busy', '0', '0.000000', '400', '10:50:48', '10:50:48', '2018-01-19 10:50:48', '2018-01-19 10:52:47');
INSERT INTO `ey_call_details` VALUES(32, 5, '7103a058b1c73a3067cfecbd9ba7821d', 'failed', '0', '0.000000', '400', '10:50:55', '10:50:55', '2018-01-19 10:50:55', '2018-01-19 10:52:43');
INSERT INTO `ey_call_details` VALUES(33, 5, 'afda95c49e11b02759653ae87f7e01cc', 'completed', '62', '1.500000', '400', '10:54:11', '10:55:13', '2018-01-19 10:54:00', '2018-01-19 10:56:48');
INSERT INTO `ey_call_details` VALUES(34, 5, 'da7f8317b71caf870e0d70d854ab6b1d', 'busy', '0', '0.000000', '400', '10:54:48', '10:54:48', '2018-01-19 10:54:48', '2018-01-19 10:56:20');
INSERT INTO `ey_call_details` VALUES(35, 5, '29d45651ae6c1b09b0f1b6bae2b2f7a1', 'no-answer', '45', '0.750000', '400', '11:03:01', '11:03:46', '2018-01-19 11:02:48', '2018-01-19 11:04:51');
INSERT INTO `ey_call_details` VALUES(36, 5, '95b592d27a286ead6b57628446f827d1', 'completed', '71', '1.500000', '400', '11:04:12', '11:05:23', '2018-01-19 11:04:00', '2018-01-19 11:06:40');
INSERT INTO `ey_call_details` VALUES(37, 5, '9e610d22a51274b01422906b3cee04ae', 'failed', '46', '0.000000', '400', '11:05:57', '11:06:43', '2018-01-19 11:04:48', '2018-01-19 11:07:52');
INSERT INTO `ey_call_details` VALUES(38, 5, 'dbcfb625baa780793d41e230506b3798', 'busy', '0', '0.000000', '400', '11:13:32', '11:13:32', '2018-01-19 11:13:32', '2018-01-19 11:15:32');
INSERT INTO `ey_call_details` VALUES(39, 5, 'b47ffafbeb7ffba89546a794fb5d858c', 'no-answer', '43', '0.750000', '400', '11:14:27', '11:15:10', '2018-01-19 11:13:48', '2018-01-19 11:16:03');
INSERT INTO `ey_call_details` VALUES(40, 5, 'a67a78f3b5cd91ee637ea2bd39fb068a', 'failed', '35', '0.000000', '400', '11:15:45', '11:16:20', '2018-01-19 11:15:32', '2018-01-19 11:17:27');
INSERT INTO `ey_call_details` VALUES(41, 5, '1ff5d51fb25048cd000526d7e8c6f37b', 'busy', '0', '0.000000', '400', '11:15:48', '11:15:48', '2018-01-19 11:15:48', '2018-01-19 11:17:27');
INSERT INTO `ey_call_details` VALUES(42, 5, '30db05e7b88397d90d7be6d21c57def8', 'completed', '109', '3.000000', '400', '11:19:02', '11:20:51', '2018-01-19 11:18:49', '2018-01-19 11:22:17');
INSERT INTO `ey_call_details` VALUES(43, 5, 'ae85a6cb88d803b35aff66c4610bc8ed', 'failed', '26', '0.750000', '400', '11:21:54', '11:22:20', '2018-01-19 11:21:42', '2018-01-19 11:23:38');
INSERT INTO `ey_call_details` VALUES(44, 5, '9087d238e9cc8d64745ee2d0cdb64cbe', 'busy', '0', '0.000000', '400', '11:21:48', '11:21:48', '2018-01-19 11:21:48', '2018-01-19 11:23:18');
INSERT INTO `ey_call_details` VALUES(45, 5, '6d7d908baf0806e6499e8298363ab7e1', 'no-answer', '46', '0.750000', '400', '11:33:58', '11:34:44', '2018-01-19 11:33:48', '2018-01-19 11:35:59');
INSERT INTO `ey_call_details` VALUES(46, 5, 'd36a9f9d9ee5e8273d7e8f7086faa79e', 'completed', '86', '0.000000', '400', '11:53:17', '11:54:43', '2018-01-19 11:53:02', '2018-01-19 11:55:42');
INSERT INTO `ey_call_details` VALUES(47, 5, 'bb70c182f9946a076dd79e29ca3ad77a', 'busy', '0', '0.000000', '400', '11:53:48', '11:53:48', '2018-01-19 11:53:48', '2018-01-19 11:55:42');
INSERT INTO `ey_call_details` VALUES(48, 5, '5ae4212ff7bef45d8d7a07a86ec56a65', 'no-answer', '45', '0.750000', '400', '12:12:23', '12:13:08', '2018-01-19 12:12:12', '2018-01-19 12:14:13');
INSERT INTO `ey_call_details` VALUES(49, 5, '628d0dde84256cc2171fc4757c6bdf5f', 'busy', '0', '0.000000', '400', '12:12:35', '12:12:35', '2018-01-19 12:12:34', '2018-01-19 12:15:16');
INSERT INTO `ey_call_details` VALUES(50, 5, '12d7ffd618da37dba3a0a2644fb69027', 'busy', '0', '0.000000', '400', '12:12:48', '12:12:48', '2018-01-19 12:12:48', '2018-01-19 12:15:05');
INSERT INTO `ey_call_details` VALUES(51, 5, '8d166a99465ad9d68a83f220c23688e9', 'completed', '41', '1.500000', '400', '12:14:28', '12:15:09', '2018-01-19 12:14:17', '2018-01-19 12:16:16');
INSERT INTO `ey_call_details` VALUES(52, 5, '66fa9af5f85b601900fc5db726881dfa', 'busy', '0', '0.000000', '400', '12:14:35', '12:14:35', '2018-01-19 12:14:35', '2018-01-19 12:15:46');
INSERT INTO `ey_call_details` VALUES(53, 5, '34b5273e0fb43b99ceceaa334e29e61a', 'no-answer', '0', '0.000000', '400', '12:14:51', '12:14:51', '2018-01-19 12:14:51', '2018-01-19 12:16:16');
INSERT INTO `ey_call_details` VALUES(54, 5, '14ce6f84ae6ce0f680f35623ba5b79df', 'failed', '49', '0.750000', '400', '12:28:35', '12:29:24', '2018-01-19 12:28:17', '2018-01-19 12:30:37');
INSERT INTO `ey_call_details` VALUES(55, 5, 'b2ff77bdc2e45830fb3f9271b7ef3e7c', 'busy', '0', '0.000000', '400', '12:28:47', '12:28:47', '2018-01-19 12:28:47', '2018-01-19 12:30:30');
INSERT INTO `ey_call_details` VALUES(56, 5, 'b99ed963a3f4df0e200ccf8250554951', 'failed', '0', '0.000000', '400', '12:28:48', '12:28:48', '2018-01-19 12:28:48', '2018-01-19 12:30:57');
INSERT INTO `ey_call_details` VALUES(57, 5, '0ebafc4c2425cc038ca3f332e3dfaf9d', 'completed', '84', '0.000000', '400', '12:38:29', '12:39:53', '2018-01-19 12:38:21', '2018-01-19 12:41:45');
INSERT INTO `ey_call_details` VALUES(58, 5, '4b8f4ff19cc76d8917f94fa30157c00a', 'busy', '0', '0.000000', '400', '12:38:48', '12:38:48', '2018-01-19 12:38:48', '2018-01-19 12:40:47');
INSERT INTO `ey_call_details` VALUES(59, 5, '15aa4704cd42ec7c0095d5c98236cfbd', 'busy', '0', '0.000000', '400', '12:38:52', '12:38:52', '2018-01-19 12:38:51', '2018-01-19 12:40:45');
INSERT INTO `ey_call_details` VALUES(60, 5, '210c58c7584127d574b7968e4159d0f9', 'failed', '33', '0.750000', '400', '13:56:33', '13:57:06', '2018-01-19 13:56:21', '2018-01-19 13:58:18');
INSERT INTO `ey_call_details` VALUES(61, 5, '16812b3db312e91398868983bf0269f6', 'failed', '29', '0.000000', '400', '13:56:53', '13:57:22', '2018-01-19 13:56:26', '2018-01-19 13:58:20');
INSERT INTO `ey_call_details` VALUES(62, 5, 'a083652fbf8e33732b9a7815756fbc03', 'no-answer', '51', '0.750000', '400', '14:24:36', '14:25:27', '2018-01-19 14:24:21', '2018-01-19 14:26:27');
INSERT INTO `ey_call_details` VALUES(63, 5, '0552db4218da7a75e1163ee7288c8742', 'busy', '0', '0.000000', '400', '14:24:35', '14:24:35', '2018-01-19 14:24:35', '2018-01-19 14:26:07');
INSERT INTO `ey_call_details` VALUES(64, 5, '09ba0d4deb2887d3bd7f2cf71dc5eea8', 'completed', '93', '3.000000', '400', '14:26:31', '14:28:04', '2018-01-19 14:26:21', '2018-01-19 14:28:59');
INSERT INTO `ey_call_details` VALUES(65, 5, 'bd0b8671af020dc071af545e3bb16e55', 'completed', '91', '2.250000', '400', '14:29:30', '14:31:01', '2018-01-19 14:29:21', '2018-01-19 14:32:01');
INSERT INTO `ey_call_details` VALUES(66, 5, '24365d32c7022db4377ea5c91a6e703d', 'failed', '0', '0.000000', '400', '14:29:45', '14:29:45', '2018-01-19 14:29:45', '2018-01-19 14:32:05');
INSERT INTO `ey_call_details` VALUES(67, 5, '419300acd684c81362b9598b1299753b', 'completed', '90', '3.000000', '400', '14:34:08', '14:35:38', '2018-01-19 14:33:57', '2018-01-19 14:37:35');
INSERT INTO `ey_call_details` VALUES(68, 5, '0c2ea1e6c1ff01935c3d9801b0c546d6', 'completed', '88', '3.000000', '400', '14:37:28', '14:38:56', '2018-01-19 14:37:17', '2018-01-19 14:40:07');
INSERT INTO `ey_call_details` VALUES(69, 5, '94a9c5c14fb469ec766c00dbdb28ae8a', 'busy', '0', '0.000000', '400', '14:37:52', '14:37:52', '2018-01-19 14:37:52', '2018-01-19 14:39:39');
INSERT INTO `ey_call_details` VALUES(70, 1, 'e663ca492a88e5cb353e717e16636e05', 'completed', '137', '3.750000', '450', '15:00:33', '15:02:50', '2018-01-19 15:00:21', '2018-01-19 15:04:36');
INSERT INTO `ey_call_details` VALUES(71, 9, '00b409dfd6a2a1413c80c268a045ba96', 'completed', '27', '1.500000', '400', '15:33:45', '15:34:12', '2018-01-19 15:33:30', '2018-01-19 15:35:10');
INSERT INTO `ey_call_details` VALUES(72, 9, '5b0c791c327c7210cda74cdb535f1221', 'busy', '0', '0.000000', '400', '15:33:51', '15:33:51', '2018-01-19 15:33:50', '2018-01-19 15:35:53');
INSERT INTO `ey_call_details` VALUES(73, 9, '83e4966a016b8c41be57f81aa1a3ab6e', 'completed', '24', '1.500000', '400', '15:35:37', '15:36:01', '2018-01-19 15:35:28', '2018-01-19 15:37:04');
INSERT INTO `ey_call_details` VALUES(74, 9, '4f7065af1964e7aba2a21817ec174482', 'failed', '0', '0.000000', '400', '15:35:30', '15:35:30', '2018-01-19 15:35:30', '2018-01-19 15:37:04');
INSERT INTO `ey_call_details` VALUES(75, 9, '3225e6945414d0f18c126fe189d65dd9', 'busy', '0', '0.000000', '400', '15:35:51', '15:35:51', '2018-01-19 15:35:50', '2018-01-19 15:37:04');
INSERT INTO `ey_call_details` VALUES(76, 16, 'bec7e679c3e7e44d30faeeee74f63213', 'failed', '45', '0.750000', '300', '11:30:14', '11:30:59', '2018-01-22 11:30:00', '2018-01-22 11:33:00');
INSERT INTO `ey_call_details` VALUES(77, 16, 'ce7fe4561a8a256504eb853983ca04e2', 'failed', '18', '0.750000', '300', '11:30:32', '11:30:50', '2018-01-22 11:30:25', '2018-01-22 11:31:49');
INSERT INTO `ey_call_details` VALUES(78, 16, '39afc2b028594ab0b549141cc257865d', 'failed', '18', '0.750000', '300', '11:30:49', '11:31:07', '2018-01-22 11:30:42', '2018-01-22 11:33:11');
INSERT INTO `ey_call_details` VALUES(79, 16, 'cb2a5fd1142f20211e2600f798a91785', 'failed', '19', '0.750000', '300', '11:31:33', '11:31:52', '2018-01-22 11:30:44', '2018-01-22 11:33:21');
INSERT INTO `ey_call_details` VALUES(80, 16, '244fbe9f2dfa14706c76f3df64196e55', 'failed', '26', '0.750000', '300', '11:31:16', '11:31:42', '2018-01-22 11:31:00', '2018-01-22 11:33:41');
INSERT INTO `ey_call_details` VALUES(81, 20, '7510cbe58b20f38ab52715cbebf72893', 'failed', '0', '0.000000', '300', '12:00:30', '12:00:30', '2018-01-22 12:00:30', '2018-01-22 12:02:52');
INSERT INTO `ey_call_details` VALUES(82, 20, '8320a8e1c247a1a3d3ba055de84af63f', 'failed', '0', '0.000000', '300', '12:00:38', '12:00:38', '2018-01-22 12:00:38', '2018-01-22 12:02:10');
INSERT INTO `ey_call_details` VALUES(83, 14, 'd17e5d5255c25b52743fd2e4f9a3ebbf', 'failed', '48', '0.750000', '300', '13:30:17', '13:31:05', '2018-01-22 13:30:01', '2018-01-22 13:31:59');
INSERT INTO `ey_call_details` VALUES(84, 14, '4acd2a256af4bff7d9668e69c2b50366', 'busy', '25', '0.750000', '300', '13:30:37', '13:31:02', '2018-01-22 13:30:29', '2018-01-22 13:32:40');
INSERT INTO `ey_call_details` VALUES(85, 14, '7daca4584af631b423265113103c608b', 'failed', '20', '0.750000', '300', '13:30:47', '13:31:07', '2018-01-22 13:30:41', '2018-01-22 13:32:40');
INSERT INTO `ey_call_details` VALUES(86, 15, 'cebcd156018793696d834ed6ebecedaf', 'no-answer', '0', '0.000000', '300', '14:30:28', '14:30:28', '2018-01-22 14:30:28', '2018-01-22 14:32:45');
INSERT INTO `ey_call_details` VALUES(87, 15, '2686346e4368cc2cef7f0f9dffd38edf', 'failed', '0', '0.000000', '300', '14:30:29', '14:30:29', '2018-01-22 14:30:29', '2018-01-22 14:34:07');
INSERT INTO `ey_call_details` VALUES(88, 21, '58f121ed977f7779b60857dc4ed0463e', 'no-answer', '0', '0.000000', '400', '13:00:21', '13:00:21', '2018-01-23 13:00:21', '2018-01-23 13:02:27');
INSERT INTO `ey_call_details` VALUES(89, 21, '266dafd8be415a274c039d3c9fb8c765', 'failed', '0', '0.000000', '400', '13:00:29', '13:00:29', '2018-01-23 13:00:29', '2018-01-23 13:02:13');
INSERT INTO `ey_call_details` VALUES(90, 21, '989d47901ea879f4872bbf0d675e186b', 'failed', '0', '0.000000', '400', '13:00:49', '13:00:49', '2018-01-23 13:00:49', '2018-01-23 13:02:13');
INSERT INTO `ey_call_details` VALUES(91, 25, '1cc41d9cc23399adfe67fe16f5c66650', 'completed', '157', '4.500000', '300', '13:00:38', '13:03:15', '2018-01-24 13:00:22', '2018-01-24 13:04:20');
INSERT INTO `ey_call_details` VALUES(92, 25, '56f3edc45d94d48d1d639d9109476eff', 'no-answer', '0', '0.000000', '300', '13:00:38', '13:00:38', '2018-01-24 13:00:38', '2018-01-24 13:02:10');
INSERT INTO `ey_call_details` VALUES(93, 19, '6fb00d11eda64fa5b1f7c186fe1886ef', 'no-answer', '0', '0.000000', '450', '15:30:18', '15:30:18', '2018-01-24 15:30:17', '2018-01-24 15:32:31');
INSERT INTO `ey_call_details` VALUES(94, 19, '607f74747c6190be9ada9a75b2715a00', 'failed', '0', '0.000000', '450', '15:30:51', '15:30:51', '2018-01-24 15:30:51', '2018-01-24 15:34:14');
INSERT INTO `ey_call_details` VALUES(95, 51, 'b6c7345cc5f544350785037d4a72b94f', 'completed', '42', '1.500000', '300', '19:00:15', '19:00:57', '2018-01-25 19:00:01', '2018-01-25 19:02:26');
INSERT INTO `ey_call_details` VALUES(96, 51, '0f5b3484ccd7c34b3377322c71fe06e7', 'no-answer', '0', '0.000000', '300', '19:00:09', '19:00:09', '2018-01-25 19:00:09', '2018-01-25 19:03:18');
INSERT INTO `ey_call_details` VALUES(97, 51, 'a42a48e9b5d9225e481e6f07943023d8', 'failed', '0', '0.000000', '300', '19:00:11', '19:00:11', '2018-01-25 19:00:11', '2018-01-25 19:03:35');
INSERT INTO `ey_call_details` VALUES(98, 51, 'dd8ec731b5d60f63afd2a9bafc9cbbaa', 'no-answer', '0', '0.000000', '300', '19:00:47', '19:00:47', '2018-01-25 19:00:47', '2018-01-25 19:03:25');
INSERT INTO `ey_call_details` VALUES(99, 56, '2c20a05313cf0e01e3ebd96da7716e2a', 'completed', '69', '1.500000', '400', '11:53:18', '11:54:27', '2018-01-29 11:53:03', '2018-01-29 11:55:39');
INSERT INTO `ey_call_details` VALUES(100, 56, '6eb81986990a0ab534926b136d620728', 'failed', '0', '0.000000', '400', '11:53:10', '11:53:10', '2018-01-29 11:53:09', '2018-01-29 11:54:25');
INSERT INTO `ey_call_details` VALUES(101, 56, '8b97bc4bf00665d5fec92238b35a5e60', 'busy', '0', '0.000000', '400', '11:53:26', '11:53:26', '2018-01-29 11:53:26', '2018-01-29 11:54:55');
INSERT INTO `ey_call_details` VALUES(102, 135, 'ff4721bd8334c53322001ab9badb0f4f', 'busy', '0', '0.000000', '400', '11:53:54', '11:53:54', '2018-01-29 11:53:54', '2018-01-29 11:55:56');
INSERT INTO `ey_call_details` VALUES(103, 80, 'f3a929b18d2cdb6bc8ab5a357bcfc413', 'completed', '84', '1.500000', '400', '11:00:02', '11:01:26', '2018-01-31 10:59:25', '2018-01-31 11:01:55');
INSERT INTO `ey_call_details` VALUES(104, 81, 'a46f3e3240256772af1f78aa8f196e53', 'no-answer', '0', '0.000000', '400', '14:00:17', '14:00:17', '2018-02-03 14:00:17', '2018-02-03 14:02:43');
INSERT INTO `ey_call_details` VALUES(105, 83, '0b18ad9fa95c70edf8221dacd1184bab', 'busy', '46', '0.750000', '300', '12:00:27', '12:01:13', '2018-02-05 12:00:14', '2018-02-05 12:02:07');
INSERT INTO `ey_call_details` VALUES(106, 84, 'c253c5b3efcb7461f59db964f63d95a0', 'no-answer', '46', '0.750000', '400', '12:30:21', '12:31:07', '2018-02-05 12:30:11', '2018-02-05 12:32:19');
INSERT INTO `ey_call_details` VALUES(107, 84, 'e78175faf57fbde989c1f4ca36861f69', 'busy', '0', '0.000000', '400', '12:30:23', '12:30:23', '2018-02-05 12:30:23', '2018-02-05 12:32:31');
INSERT INTO `ey_call_details` VALUES(108, 86, 'b0f2bbc76a8425f1734a3fa8e6436d05', 'no-answer', '0', '0.000000', '450', '11:45:20', '11:45:20', '2018-02-06 11:45:20', '2018-02-06 11:47:02');
INSERT INTO `ey_call_details` VALUES(109, 86, '1dc3d9bee16eb72973b80e57c5e2f1d6', 'no-answer', '0', '0.000000', '450', '11:45:33', '11:45:33', '2018-02-06 11:45:33', '2018-02-06 11:48:03');
INSERT INTO `ey_call_details` VALUES(110, 86, 'f7ebaf4505888d2da6df5172059a43f0', 'failed', '0', '0.000000', '450', '11:45:40', '11:45:40', '2018-02-06 11:45:40', '2018-02-06 11:48:06');
INSERT INTO `ey_call_details` VALUES(111, 91, 'ba2cbc372a2d9c606bb9b3af8fb7d665', 'completed', '56', '1.500000', '450', '14:00:24', '14:01:20', '2018-02-06 14:00:06', '2018-02-06 14:02:35');
INSERT INTO `ey_call_details` VALUES(112, 91, 'ec5054ebdf8cabeb28cbf25597b72ee3', 'no-answer', '0', '0.000000', '450', '14:00:22', '14:00:22', '2018-02-06 14:00:22', '2018-02-06 14:02:35');
INSERT INTO `ey_call_details` VALUES(113, 91, '466a8ad0223bb7c899599ddc1b1fefd5', 'failed', '48', '0.750000', '450', '14:01:12', '14:02:00', '2018-02-06 14:00:42', '2018-02-06 14:03:17');
INSERT INTO `ey_call_details` VALUES(114, 91, '7ee7e959607bcf37837b47286b856e97', 'no-answer', '0', '0.000000', '450', '14:00:58', '14:00:58', '2018-02-06 14:00:58', '2018-02-06 14:02:55');
INSERT INTO `ey_call_details` VALUES(115, 91, '80f3f46f90008f0355a1c47887ba816b', 'failed', '71', '0.750000', '450', '14:51:29', '14:52:40', '2018-02-06 14:50:22', '2018-02-06 14:53:27');
INSERT INTO `ey_call_details` VALUES(116, 91, '08427e6a9624291c14817fe454db0179', 'busy', '0', '0.000000', '450', '14:50:33', '14:50:33', '2018-02-06 14:50:33', '2018-02-06 14:52:52');
INSERT INTO `ey_call_details` VALUES(117, 91, '0eecd5a7d0d07d7f508abcdd0d8b82a1', 'failed', '58', '0.750000', '450', '14:51:18', '14:52:16', '2018-02-06 14:50:42', '2018-02-06 14:53:13');
INSERT INTO `ey_call_details` VALUES(118, 91, '306b45c09034b16bb37aae5d34bde7c7', 'busy', '0', '0.000000', '450', '14:50:48', '14:50:48', '2018-02-06 14:50:48', '2018-02-06 14:53:26');
INSERT INTO `ey_call_details` VALUES(119, 91, 'f5c6c41ffdda7b5bf796c946d865dc83', 'busy', '0', '0.000000', '450', '14:50:59', '14:50:59', '2018-02-06 14:50:58', '2018-02-06 14:53:29');
INSERT INTO `ey_call_details` VALUES(120, 91, 'ae9b5625ab289a6a7f96a1c2e81800be', 'no-answer', '44', '0.750000', '450', '15:15:40', '15:16:24', '2018-02-06 15:15:31', '2018-02-06 15:17:27');
INSERT INTO `ey_call_details` VALUES(121, 91, '4d626bafa1413a1a49874a428a8b1892', 'busy', '0', '0.000000', '450', '15:15:33', '15:15:33', '2018-02-06 15:15:32', '2018-02-06 15:17:26');
INSERT INTO `ey_call_details` VALUES(122, 91, '5fddca0fde88439d0b137819a8898986', 'busy', '0', '0.000000', '450', '15:15:43', '15:15:43', '2018-02-06 15:15:42', '2018-02-06 15:18:25');
INSERT INTO `ey_call_details` VALUES(123, 91, '7f1339225492b8fa55297970cb07f371', 'busy', '0', '0.000000', '450', '15:18:34', '15:18:34', '2018-02-06 15:18:34', '2018-02-06 15:19:48');
INSERT INTO `ey_call_details` VALUES(124, 91, 'faa93d28dbb2adc2011fe12ae59a5a0d', 'busy', '0', '0.000000', '450', '15:18:43', '15:18:43', '2018-02-06 15:18:43', '2018-02-06 15:20:28');
INSERT INTO `ey_call_details` VALUES(125, 91, '570b2e8db03dc6d5cf5ccf9757e502f1', 'busy', '0', '0.000000', '450', '15:18:47', '15:18:47', '2018-02-06 15:18:46', '2018-02-06 15:21:06');
INSERT INTO `ey_call_details` VALUES(126, 91, '25cf59f8e1bae71036c29b7b78b86e01', 'failed', '31', '0.750000', '450', '15:54:14', '15:54:45', '2018-02-06 15:54:04', '2018-02-06 15:55:56');
INSERT INTO `ey_call_details` VALUES(127, 91, '5ff4bbaf7babe3afa041b47e713f80b8', 'busy', '0', '0.000000', '450', '15:54:07', '15:54:07', '2018-02-06 15:54:07', '2018-02-06 15:55:26');
INSERT INTO `ey_call_details` VALUES(128, 91, '5b7da3aa7bb9677a229b764076ccf259', 'busy', '0', '0.000000', '450', '15:54:18', '15:54:18', '2018-02-06 15:54:18', '2018-02-06 15:55:59');
INSERT INTO `ey_call_details` VALUES(129, 91, '9e4c2f75140cb32ccad287f2d7d909d4', 'failed', '0', '0.000000', '450', '17:02:00', '17:02:00', '2018-02-06 17:02:00', '2018-02-06 17:04:17');
INSERT INTO `ey_call_details` VALUES(130, 91, '664b4e202b6f061774c9155c698629ca', 'no-answer', '0', '0.000000', '450', '17:02:14', '17:02:14', '2018-02-06 17:02:14', '2018-02-06 17:03:46');
INSERT INTO `ey_call_details` VALUES(131, 91, 'd24497cae6014dc154ecb6f948f75463', 'busy', '0', '0.000000', '450', '17:02:38', '17:02:38', '2018-02-06 17:02:38', '2018-02-06 17:04:01');
INSERT INTO `ey_call_details` VALUES(132, 91, '08bda01c0a1a85c44494bf9fa1c2e5de', 'failed', '0', '0.000000', '450', '17:02:38', '17:02:38', '2018-02-06 17:02:38', '2018-02-06 17:04:56');
INSERT INTO `ey_call_details` VALUES(133, 91, 'b8e426573520253c7339cf5b5a1a655d', 'busy', '0', '0.000000', '450', '17:18:38', '17:18:38', '2018-02-06 17:18:38', '2018-02-06 17:20:41');
INSERT INTO `ey_call_details` VALUES(134, 91, '2a654dfd233c734f714cfa8ba9a35850', 'failed', '31', '0.750000', '450', '17:21:16', '17:21:47', '2018-02-06 17:21:00', '2018-02-06 17:22:50');
INSERT INTO `ey_call_details` VALUES(135, 91, '445c6a31150a77e941144e9d29df9f4d', 'busy', '0', '0.000000', '450', '17:21:38', '17:21:38', '2018-02-06 17:21:38', '2018-02-06 17:23:07');
INSERT INTO `ey_call_details` VALUES(136, 91, '21909364706567f18e731ab6eda94dc4', 'failed', '0', '0.000000', '450', '17:21:38', '17:21:38', '2018-02-06 17:21:38', '2018-02-06 17:22:55');
INSERT INTO `ey_call_details` VALUES(137, 91, 'd77067a9db88d7152e5d0314cf94ceab', 'failed', '0', '0.000000', '450', '17:21:40', '17:21:40', '2018-02-06 17:21:40', '2018-02-06 17:23:09');
INSERT INTO `ey_call_details` VALUES(138, 90, 'ae2e01b1014c2deee0b02d6763779106', 'busy', '0', '0.000000', '400', '10:43:12', '10:43:12', '2018-02-07 10:43:12', '2018-02-07 10:45:31');
INSERT INTO `ey_call_details` VALUES(139, 90, '811f3a42c4c60614a23f9e17a0ec59b6', 'busy', '0', '0.000000', '400', '10:43:16', '10:43:16', '2018-02-07 10:43:16', '2018-02-07 10:45:16');
INSERT INTO `ey_call_details` VALUES(140, 90, '7bf95f82c44d8b5adeab450b7e77f1d4', 'failed', '0', '0.000000', '400', '10:43:16', '10:43:16', '2018-02-07 10:43:16', '2018-02-07 10:45:01');
INSERT INTO `ey_call_details` VALUES(141, 90, 'c62b2ef20fedf9c1576f9626f85f8175', 'failed', '0', '0.000000', '400', '10:51:12', '10:51:12', '2018-02-07 10:51:12', '2018-02-07 10:53:37');
INSERT INTO `ey_call_details` VALUES(142, 90, 'ca85ad1c20de9fa71be97a8ca179810c', 'busy', '0', '0.000000', '400', '10:51:28', '10:51:28', '2018-02-07 10:51:27', '2018-02-07 10:53:26');
INSERT INTO `ey_call_details` VALUES(143, 90, 'd6da10fb414a82740c72e01aa8a4a258', 'busy', '0', '0.000000', '400', '10:54:03', '10:54:03', '2018-02-07 10:54:03', '2018-02-07 10:56:16');
INSERT INTO `ey_call_details` VALUES(144, 90, 'f3d04ef0dcbaf9ee855ad9bc05e2b555', 'busy', '0', '0.000000', '400', '10:54:12', '10:54:12', '2018-02-07 10:54:12', '2018-02-07 10:55:47');
INSERT INTO `ey_call_details` VALUES(145, 90, 'e686b897fe10cd42a47e7cf27a3cb374', 'busy', '0', '0.000000', '400', '11:24:12', '11:24:12', '2018-02-07 11:24:12', '2018-02-07 11:26:39');
INSERT INTO `ey_call_details` VALUES(146, 90, 'b99c8795a71efcccf285f38bc3f1d690', 'busy', '0', '0.000000', '400', '11:27:37', '11:27:37', '2018-02-07 11:27:37', '2018-02-07 11:28:58');
INSERT INTO `ey_call_details` VALUES(147, 89, '78480f89ca19294cf9879ea2db026047', 'completed', '40', '1.500000', '450', '11:30:30', '11:31:10', '2018-02-07 11:30:21', '2018-02-07 11:32:44');
INSERT INTO `ey_call_details` VALUES(148, 89, '4439e68ac0e1c9b669ed804bd4016512', 'busy', '0', '0.000000', '450', '11:30:37', '11:30:37', '2018-02-07 11:30:37', '2018-02-07 11:31:54');
INSERT INTO `ey_call_details` VALUES(149, 90, 'ce3474d581ec7cdb57455ef3f44878fa', 'busy', '0', '0.000000', '400', '11:41:22', '11:41:22', '2018-02-07 11:41:21', '2018-02-07 11:43:35');
INSERT INTO `ey_call_details` VALUES(150, 90, 'dcf2057c01ed24b07470bd9d02bfe35e', 'busy', '0', '0.000000', '400', '11:42:00', '11:42:00', '2018-02-07 11:42:00', '2018-02-07 11:43:22');
INSERT INTO `ey_call_details` VALUES(151, 85, '1812ff283c6d67bd382dd2b96fcc0f3c', 'busy', '0', '0.000000', '450', '11:45:22', '11:45:22', '2018-02-07 11:45:22', '2018-02-07 11:46:54');
INSERT INTO `ey_call_details` VALUES(152, 85, 'ec988ab762134b8919ffec145d673387', 'busy', '0', '0.000000', '450', '11:45:41', '11:45:41', '2018-02-07 11:45:41', '2018-02-07 11:47:08');
INSERT INTO `ey_call_details` VALUES(153, 90, 'b3563de7514a20a72e72585bb2eeb122', 'busy', '0', '0.000000', '400', '11:50:01', '11:50:01', '2018-02-07 11:50:01', '2018-02-07 11:51:27');
INSERT INTO `ey_call_details` VALUES(154, 90, '1d8f7ba0af4b13008a35ea90b7da1a6d', 'busy', '0', '0.000000', '400', '11:50:21', '11:50:21', '2018-02-07 11:50:21', '2018-02-07 11:51:36');
INSERT INTO `ey_call_details` VALUES(155, 90, '783d6d116a9f35f4a4c464e4f4785799', 'no-answer', '0', '0.000000', '400', '11:50:38', '11:50:38', '2018-02-07 11:50:38', '2018-02-07 11:52:02');
INSERT INTO `ey_call_details` VALUES(156, 90, '6cbfe769f5056f7d42dd544dfff83e3b', 'busy', '0', '0.000000', '400', '11:50:57', '11:50:57', '2018-02-07 11:50:57', '2018-02-07 11:52:14');
INSERT INTO `ey_call_details` VALUES(157, 90, 'a2751e076fd42ada52d94955a35eda5a', 'busy', '0', '0.000000', '400', '11:54:47', '11:54:47', '2018-02-07 11:54:47', '2018-02-07 11:56:32');
INSERT INTO `ey_call_details` VALUES(158, 90, '0b8543c2340c5c7ad214dcc610085383', 'failed', '0', '0.000000', '400', '11:54:58', '11:54:58', '2018-02-07 11:54:57', '2018-02-07 11:56:31');
INSERT INTO `ey_call_details` VALUES(159, 90, '4325bc7a3618ac9b26a4e8f5a4de600c', 'busy', '0', '0.000000', '400', '11:54:59', '11:54:59', '2018-02-07 11:54:59', '2018-02-07 11:56:20');
INSERT INTO `ey_call_details` VALUES(160, 94, '756b8b23d54436f73c1cc19d956d5a12', 'completed', '37', '1.500000', '300', '12:00:39', '12:01:16', '2018-02-07 12:00:29', '2018-02-07 12:02:55');
INSERT INTO `ey_call_details` VALUES(161, 94, 'fcab58139d885075c482b540eeec6630', 'no-answer', '0', '0.000000', '300', '12:00:46', '12:00:46', '2018-02-07 12:00:46', '2018-02-07 12:02:42');
INSERT INTO `ey_call_details` VALUES(162, 90, 'c3e47df2dcf74ce45f8b0cb98b9cde07', 'busy', '0', '0.000000', '400', '12:26:00', '12:26:00', '2018-02-07 12:26:00', '2018-02-07 12:28:08');
INSERT INTO `ey_call_details` VALUES(163, 90, 'c30d8bc1bae58e833e6c08d720934950', 'busy', '0', '0.000000', '400', '12:26:21', '12:26:21', '2018-02-07 12:26:21', '2018-02-07 12:27:53');
INSERT INTO `ey_call_details` VALUES(164, 90, '54dfcdc89c490057f10c48a2c7795537', 'busy', '0', '0.000000', '400', '12:26:47', '12:26:47', '2018-02-07 12:26:47', '2018-02-07 12:29:02');
INSERT INTO `ey_call_details` VALUES(165, 93, 'a376bf2f558220cbcc26b7293c8970a9', 'no-answer', '0', '0.000000', '400', '12:28:08', '12:28:08', '2018-02-07 12:28:08', '2018-02-07 12:30:35');
INSERT INTO `ey_call_details` VALUES(166, 93, '5ae54e012a33b7b1a8b0c4b8a72cffd3', 'failed', '0', '0.000000', '400', '12:28:21', '12:28:21', '2018-02-07 12:28:21', '2018-02-07 12:29:29');
INSERT INTO `ey_call_details` VALUES(167, 93, '9ba9c850c876f3f49f5f8d532e7f6f4c', 'failed', '0', '0.000000', '400', '12:28:46', '12:28:46', '2018-02-07 12:28:46', '2018-02-07 12:30:55');
INSERT INTO `ey_call_details` VALUES(168, 90, '130215a3a6bfe25da46b888dad3459ab', 'failed', '0', '0.000000', '400', '12:31:00', '12:31:00', '2018-02-07 12:31:00', '2018-02-07 12:33:02');
INSERT INTO `ey_call_details` VALUES(169, 90, '5f6b50bd18a56f7ba03b42c3a6e54c57', 'busy', '0', '0.000000', '400', '12:31:15', '12:31:15', '2018-02-07 12:31:15', '2018-02-07 12:32:46');
INSERT INTO `ey_call_details` VALUES(170, 90, '959180606086b765ef98b6646bd69d1d', 'completed', '45', '1.500000', '400', '12:49:15', '12:50:00', '2018-02-07 12:49:03', '2018-02-07 12:50:59');
INSERT INTO `ey_call_details` VALUES(171, 90, '12a6235a9c304e66aab01cdd221785ed', 'busy', '0', '0.000000', '400', '12:55:05', '12:55:05', '2018-02-07 12:55:05', '2018-02-07 12:57:23');
INSERT INTO `ey_call_details` VALUES(172, 90, 'e7556eff2062b2c0593ad8a148da9ac9', 'failed', '0', '0.000000', '400', '13:27:24', '13:27:24', '2018-02-07 13:27:24', '2018-02-07 13:28:43');
INSERT INTO `ey_call_details` VALUES(173, 90, '9e503442929296dfcb675cf3cf8880cf', 'busy', '0', '0.000000', '400', '13:36:22', '13:36:22', '2018-02-07 13:36:22', '2018-02-07 13:38:39');
INSERT INTO `ey_call_details` VALUES(174, 90, '31ba23c5e59d16a3812d6f18b642de5b', 'failed', '0', '0.000000', '400', '13:36:25', '13:36:25', '2018-02-07 13:36:25', '2018-02-07 13:37:56');
INSERT INTO `ey_call_details` VALUES(175, 90, 'b13959685e0ad85eee8fbe377f8c6c00', 'completed', '56', '1.500000', '400', '13:43:32', '13:44:28', '2018-02-07 13:43:21', '2018-02-07 13:45:35');
INSERT INTO `ey_call_details` VALUES(176, 90, 'c78ab0746be257f831adcbcac8af2f22', 'failed', '0', '0.000000', '400', '13:43:25', '13:43:25', '2018-02-07 13:43:25', '2018-02-07 13:45:06');
INSERT INTO `ey_call_details` VALUES(177, 91, '57134620dc493cf8b8e28b8b8908a6fb', 'busy', '0', '0.000000', '450', '13:53:22', '13:53:22', '2018-02-07 13:53:21', '2018-02-07 13:55:08');
INSERT INTO `ey_call_details` VALUES(178, 91, 'f624098d3a8dfb575954436a9ae469d0', 'failed', '0', '0.000000', '450', '13:53:32', '13:53:32', '2018-02-07 13:53:32', '2018-02-07 13:55:18');
INSERT INTO `ey_call_details` VALUES(179, 91, '97b722fe7852d6152a8fac3efd8879ae', 'failed', '0', '0.000000', '450', '13:53:32', '13:53:32', '2018-02-07 13:53:32', '2018-02-07 13:54:38');
INSERT INTO `ey_call_details` VALUES(180, 91, 'a74cab6894a43aa0b770e71c1b23a477', 'failed', '0', '0.000000', '450', '13:53:49', '13:53:49', '2018-02-07 13:53:49', '2018-02-07 13:55:03');
INSERT INTO `ey_call_details` VALUES(181, 91, '503a2864567fedc9fbb9022e94152b97', 'failed', '18', '0.750000', '450', '13:56:33', '13:56:51', '2018-02-07 13:56:21', '2018-02-07 13:58:00');
INSERT INTO `ey_call_details` VALUES(182, 91, '180aaa7e7100573089e713861d6a7be6', 'busy', '0', '0.000000', '450', '13:56:32', '13:56:32', '2018-02-07 13:56:32', '2018-02-07 13:58:19');
INSERT INTO `ey_call_details` VALUES(183, 91, '6e0f112dd3e8a9829f196441d24cf6c5', 'busy', '0', '0.000000', '450', '13:56:32', '13:56:32', '2018-02-07 13:56:32', '2018-02-07 13:58:20');
INSERT INTO `ey_call_details` VALUES(184, 91, 'c390d77585cc12dbfa3ecf4de716fe16', 'busy', '0', '0.000000', '450', '13:56:48', '13:56:48', '2018-02-07 13:56:48', '2018-02-07 13:58:03');
INSERT INTO `ey_call_details` VALUES(185, 92, 'bb0cb8e53a9baa6212c8dccd9c2e675e', 'failed', '30', '0.750000', '400', '13:59:34', '14:00:04', '2018-02-07 13:59:21', '2018-02-07 14:01:18');
INSERT INTO `ey_call_details` VALUES(186, 92, '16fbd71f33a7991a8999dd61c82dfd0f', 'failed', '0', '0.000000', '400', '13:59:29', '13:59:29', '2018-02-07 13:59:29', '2018-02-07 14:00:42');
INSERT INTO `ey_call_details` VALUES(187, 92, '2d2d58ffd8b1448f7798883362aa4627', 'failed', '0', '0.000000', '400', '13:59:45', '13:59:45', '2018-02-07 13:59:44', '2018-02-07 14:02:02');
INSERT INTO `ey_call_details` VALUES(188, 92, '5ec78100d2253c16367f085259fb05ce', 'failed', '0', '0.000000', '400', '13:59:48', '13:59:48', '2018-02-07 13:59:48', '2018-02-07 14:01:52');
INSERT INTO `ey_call_details` VALUES(189, 91, '3367bb83cc178f58a429de7be805b301', 'no-answer', '40', '0.750000', '450', '14:06:31', '14:07:11', '2018-02-07 14:06:22', '2018-02-07 14:08:42');
INSERT INTO `ey_call_details` VALUES(190, 92, 'e71473744306e21d62ee65073d38e062', 'busy', '0', '0.000000', '400', '14:06:23', '14:06:23', '2018-02-07 14:06:23', '2018-02-07 14:07:36');
INSERT INTO `ey_call_details` VALUES(191, 91, '2119f634b866274f0887f9cb5d6005e5', 'busy', '0', '0.000000', '450', '14:06:28', '14:06:28', '2018-02-07 14:06:28', '2018-02-07 14:08:06');
INSERT INTO `ey_call_details` VALUES(192, 92, 'db0060b9e73dd6c2d77ffcbc83600470', 'busy', '0', '0.000000', '400', '14:06:29', '14:06:29', '2018-02-07 14:06:29', '2018-02-07 14:08:07');
INSERT INTO `ey_call_details` VALUES(193, 91, '69a77a507468cbf9c0b531d5a2ca47a1', 'busy', '0', '0.000000', '450', '14:06:45', '14:06:45', '2018-02-07 14:06:44', '2018-02-07 14:08:07');
INSERT INTO `ey_call_details` VALUES(194, 92, 'b66b0e39c6b0c9d30bde342776e66716', 'busy', '0', '0.000000', '400', '14:06:45', '14:06:45', '2018-02-07 14:06:45', '2018-02-07 14:08:44');
INSERT INTO `ey_call_details` VALUES(195, 91, 'eb2a14ff85f433bfbac4c8eeaafc71f9', 'failed', '0', '0.000000', '450', '14:06:49', '14:06:49', '2018-02-07 14:06:48', '2018-02-07 14:09:27');
INSERT INTO `ey_call_details` VALUES(196, 92, '271fd4c767e3e3f4f9188a0fd20143e1', 'busy', '0', '0.000000', '400', '14:06:49', '14:06:49', '2018-02-07 14:06:49', '2018-02-07 14:08:05');
INSERT INTO `ey_call_details` VALUES(197, 91, '55d89a8841426649498b60864dc38056', 'failed', '34', '0.750000', '450', '14:08:31', '14:09:05', '2018-02-07 14:08:22', '2018-02-07 14:10:28');
INSERT INTO `ey_call_details` VALUES(198, 92, 'a0067c848b53288f7c47aa0ac9099f02', 'failed', '0', '0.000000', '400', '14:08:24', '14:08:24', '2018-02-07 14:08:24', '2018-02-07 14:09:37');
INSERT INTO `ey_call_details` VALUES(199, 91, '551f9ee8c9b0c7367b53756e78583322', 'busy', '0', '0.000000', '450', '14:08:29', '14:08:29', '2018-02-07 14:08:29', '2018-02-07 14:10:12');
INSERT INTO `ey_call_details` VALUES(200, 92, '31a07b68b13a2b786c3da9de027e8fea', 'busy', '0', '0.000000', '400', '14:08:30', '14:08:30', '2018-02-07 14:08:30', '2018-02-07 14:10:00');
INSERT INTO `ey_call_details` VALUES(201, 91, '0578c8c461457c6592cb4ebf3f87f840', 'busy', '0', '0.000000', '450', '14:08:44', '14:08:44', '2018-02-07 14:08:44', '2018-02-07 14:10:28');
INSERT INTO `ey_call_details` VALUES(202, 92, '9ff4a2c052ea588f23ee451a5dba5852', 'busy', '0', '0.000000', '400', '14:08:45', '14:08:45', '2018-02-07 14:08:45', '2018-02-07 14:10:28');
INSERT INTO `ey_call_details` VALUES(203, 91, 'a0a98ba758e24884c4eb0c061086bf96', 'busy', '0', '0.000000', '450', '14:08:48', '14:08:48', '2018-02-07 14:08:48', '2018-02-07 14:10:28');
INSERT INTO `ey_call_details` VALUES(204, 92, 'b51ef7cb109cc8784fc43601c7a6b5a7', 'busy', '0', '0.000000', '400', '14:08:49', '14:08:49', '2018-02-07 14:08:49', '2018-02-07 14:10:28');
INSERT INTO `ey_call_details` VALUES(205, 91, 'c639b302e41cd278853ede035bfdc7b2', 'completed', '26', '1.500000', '450', '14:13:35', '14:14:01', '2018-02-07 14:13:29', '2018-02-07 14:15:41');
INSERT INTO `ey_call_details` VALUES(206, 92, '5268631ba68c33d78e75531082f894d5', 'busy', '0', '0.000000', '400', '14:13:30', '14:13:30', '2018-02-07 14:13:30', '2018-02-07 14:15:31');
INSERT INTO `ey_call_details` VALUES(207, 91, '5cac30777f302307664e6412d6c71afb', 'busy', '0', '0.000000', '450', '14:13:48', '14:13:48', '2018-02-07 14:13:48', '2018-02-07 14:15:36');
INSERT INTO `ey_call_details` VALUES(208, 91, '5f986229ff03d640f9aab6301bbcfd61', 'busy', '0', '0.000000', '450', '14:13:49', '14:13:49', '2018-02-07 14:13:49', '2018-02-07 14:15:36');
INSERT INTO `ey_call_details` VALUES(209, 92, '5d60e443829dba6aa45f3ab4af83c7bf', 'busy', '0', '0.000000', '400', '14:13:49', '14:13:49', '2018-02-07 14:13:49', '2018-02-07 14:15:02');
INSERT INTO `ey_call_details` VALUES(210, 92, 'b259acd267f5ddfde2cc3d30b9eee923', 'busy', '0', '0.000000', '400', '14:13:50', '14:13:50', '2018-02-07 14:13:50', '2018-02-07 14:15:36');

-- --------------------------------------------------------

--
-- Table structure for table `ey_contact`
--

CREATE TABLE `ey_contact` (
  `id` int(11) NOT NULL AUTO_INCREMENT,
  `email` varchar(500) DEFAULT NULL,
  `message` varchar(5000) DEFAULT NULL,
  `subject` varchar(5000) DEFAULT NULL,
  `date` varchar(500) DEFAULT NULL,
  PRIMARY KEY (`id`)
) ENGINE=InnoDB  DEFAULT CHARSET=latin1 AUTO_INCREMENT=5 ;

--
-- Dumping data for table `ey_contact`
--


-- --------------------------------------------------------

--
-- Table structure for table `ey_counsellor_availability`
--

CREATE TABLE `ey_counsellor_availability` (
  `id` int(11) NOT NULL AUTO_INCREMENT,
  `user_id` int(11) NOT NULL,
  `date` date NOT NULL,
  `reason` varchar(255) NOT NULL,
  `status` enum('ACTIVE','INACTIVE') NOT NULL,
  `created_at` datetime NOT NULL,
  `updated_at` datetime NOT NULL,
  PRIMARY KEY (`id`)
) ENGINE=InnoDB DEFAULT CHARSET=latin1 AUTO_INCREMENT=1 ;

--
-- Dumping data for table `ey_counsellor_availability`
--


-- --------------------------------------------------------

--
-- Table structure for table `ey_counsellor_credit`
--

CREATE TABLE `ey_counsellor_credit` (
  `id` int(11) NOT NULL AUTO_INCREMENT,
  `user_id` int(11) NOT NULL,
  `account_balance` varchar(35) NOT NULL,
  `money_earned` varchar(35) NOT NULL,
  `due_amount` varchar(35) NOT NULL,
  `last_transaction_date` date NOT NULL,
  PRIMARY KEY (`id`)
) ENGINE=InnoDB DEFAULT CHARSET=latin1 AUTO_INCREMENT=1 ;

--
-- Dumping data for table `ey_counsellor_credit`
--


-- --------------------------------------------------------

--
-- Table structure for table `ey_counsellor_documents`
--

CREATE TABLE `ey_counsellor_documents` (
  `id` int(11) NOT NULL AUTO_INCREMENT,
  `user_id` int(11) NOT NULL,
  `file_name` varchar(255) NOT NULL,
  `file_path` varchar(255) NOT NULL,
  `is_deleted` int(11) NOT NULL,
  PRIMARY KEY (`id`)
) ENGINE=InnoDB DEFAULT CHARSET=latin1 AUTO_INCREMENT=1 ;

--
-- Dumping data for table `ey_counsellor_documents`
--


-- --------------------------------------------------------

--
-- Table structure for table `ey_counsellor_expertise`
--

CREATE TABLE `ey_counsellor_expertise` (
  `id` int(11) NOT NULL AUTO_INCREMENT,
  `user_id` int(11) NOT NULL,
  `domain` varchar(255) NOT NULL,
  `experience` varchar(35) NOT NULL,
  `status` enum('ACTIVE','INACTIVE') NOT NULL,
  `languages` varchar(255) NOT NULL,
  `certifications` text NOT NULL,
  `accrediations` text NOT NULL,
  PRIMARY KEY (`id`)
) ENGINE=InnoDB  DEFAULT CHARSET=latin1 AUTO_INCREMENT=11 ;

--
-- Dumping data for table `ey_counsellor_expertise`
--

INSERT INTO `ey_counsellor_expertise` VALUES(1, 7, 'MS', '1', 'ACTIVE', '["english","hindi","malayalam"]', 'Lorem ipsum dolor sit amet, consectetur adipiscing elit. Sed eu ante eget nisl convallis tempus. Phasellus ante lectus, tincidunt tincidunt dui a, rhoncus interdum est.', 'Lorem ipsum dolor sit amet, consectetur adipiscing elit. Sed eu ante eget nisl convallis tempus. Phasellus ante lectus, tincidunt tincidunt dui a, rhoncus interdum est.');
INSERT INTO `ey_counsellor_expertise` VALUES(2, 2, 'MS', '3', 'ACTIVE', '["english","hindi","malayalam"]', 'fetchUser1', 'fetchUser1');
INSERT INTO `ey_counsellor_expertise` VALUES(3, 8, 'MD', '4', 'ACTIVE', '["english","hindi","malayalam"]', 'fetchUser1', 'fetchUser1');
INSERT INTO `ey_counsellor_expertise` VALUES(4, 12, 'MS', '3', 'ACTIVE', '["english","hindi","malayalam"]', 'check', 'check');
INSERT INTO `ey_counsellor_expertise` VALUES(5, 14, 'MD', 'daily', 'ACTIVE', '["malayalam"]', '', '');
INSERT INTO `ey_counsellor_expertise` VALUES(6, 16, 'MD', '', 'ACTIVE', '', '', '');
INSERT INTO `ey_counsellor_expertise` VALUES(7, 13, 'MD', '2', 'ACTIVE', '["english"]', 'aufhej', 'jdfks');
INSERT INTO `ey_counsellor_expertise` VALUES(8, 19, 'MD', '0', 'ACTIVE', '["english","hindi","malayalam"]', 'ghkjk', 'hjfygj');
INSERT INTO `ey_counsellor_expertise` VALUES(9, 30, 'MS', '1', 'ACTIVE', '["english","hindi","malayalam"]', 'aes', 'asd');
INSERT INTO `ey_counsellor_expertise` VALUES(10, 31, 'MS', '1', 'ACTIVE', '["english","hindi","malayalam"]', 'aes', 'asd');

-- --------------------------------------------------------

--
-- Table structure for table `ey_counsellor_schedule`
--

CREATE TABLE `ey_counsellor_schedule` (
  `id` int(11) NOT NULL AUTO_INCREMENT,
  `user_id` int(11) NOT NULL,
  `working_hours` varchar(35) NOT NULL,
  `time_starts` varchar(35) NOT NULL,
  `time_ends` varchar(35) NOT NULL,
  PRIMARY KEY (`id`)
) ENGINE=InnoDB  DEFAULT CHARSET=latin1 AUTO_INCREMENT=159 ;

--
-- Dumping data for table `ey_counsellor_schedule`
--

INSERT INTO `ey_counsellor_schedule` VALUES(27, 2, '9:00 AM-3:45 PM', '09:00 AM', '09:30 AM');
INSERT INTO `ey_counsellor_schedule` VALUES(28, 2, '9:00 AM-3:45 PM', '09:30 AM', '10:00 AM');
INSERT INTO `ey_counsellor_schedule` VALUES(29, 2, '9:00 AM-3:45 PM', '10:29 AM', '10:30 AM');
INSERT INTO `ey_counsellor_schedule` VALUES(30, 2, '9:00 AM-3:45 PM', '10:59 AM', '11:00 AM');
INSERT INTO `ey_counsellor_schedule` VALUES(31, 2, '9:00 AM-3:45 PM', '11:21 AM', '11:30 AM');
INSERT INTO `ey_counsellor_schedule` VALUES(32, 2, '9:00 AM-3:45 PM', '11:53 AM', '12:00 PM');
INSERT INTO `ey_counsellor_schedule` VALUES(33, 2, '9:00 AM-3:45 PM', '12:28 PM', '12:30 PM');
INSERT INTO `ey_counsellor_schedule` VALUES(34, 2, '9:00 AM-3:45 PM', '02:37 PM', '01:00 PM');
INSERT INTO `ey_counsellor_schedule` VALUES(35, 2, '9:00 AM-3:45 PM', '01:00 PM', '01:30 PM');
INSERT INTO `ey_counsellor_schedule` VALUES(36, 2, '9:00 AM-3:45 PM', '01:30 PM', '02:00 PM');
INSERT INTO `ey_counsellor_schedule` VALUES(37, 2, '9:00 AM-3:45 PM', '02:27 PM', '03:00 PM');
INSERT INTO `ey_counsellor_schedule` VALUES(38, 2, '9:00 AM-3:45 PM', '02:30 PM', '03:00 PM');
INSERT INTO `ey_counsellor_schedule` VALUES(39, 2, '9:00 AM-3:45 PM', '03:00 PM', '03:30 PM');
INSERT INTO `ey_counsellor_schedule` VALUES(44, 2, '9:00 AM-3:45 PM', '03:30 PM', '04:00 PM');
INSERT INTO `ey_counsellor_schedule` VALUES(45, 7, '11:45 AM-6:45 PM', '11:45 AM', '12:15 PM');
INSERT INTO `ey_counsellor_schedule` VALUES(73, 8, '11:45 AM-6:45 PM', '12:15 PM', '12:45 PM');
INSERT INTO `ey_counsellor_schedule` VALUES(74, 8, '11:45 AM-6:45 PM', '12:45 PM', '01:15 PM');
INSERT INTO `ey_counsellor_schedule` VALUES(75, 8, '11:45 AM-6:45 PM', '01:15 PM', '01:45 PM');
INSERT INTO `ey_counsellor_schedule` VALUES(76, 8, '11:45 AM-6:45 PM', '01:45 PM', '02:15 PM');
INSERT INTO `ey_counsellor_schedule` VALUES(77, 8, '11:45 AM-6:45 PM', '02:15 PM', '02:45 PM');
INSERT INTO `ey_counsellor_schedule` VALUES(78, 8, '11:45 AM-6:45 PM', '02:45 PM', '03:15 PM');
INSERT INTO `ey_counsellor_schedule` VALUES(79, 8, '11:45 AM-6:45 PM', '03:15 PM', '03:45 PM');
INSERT INTO `ey_counsellor_schedule` VALUES(80, 8, '11:45 AM-6:45 PM', '03:45 PM', '04:15 PM');
INSERT INTO `ey_counsellor_schedule` VALUES(81, 8, '11:45 AM-6:45 PM', '04:15 PM', '04:45 PM');
INSERT INTO `ey_counsellor_schedule` VALUES(82, 8, '11:45 AM-6:45 PM', '04:45 PM', '05:15 PM');
INSERT INTO `ey_counsellor_schedule` VALUES(83, 8, '11:45 AM-6:45 PM', '05:15 PM', '05:45 PM');
INSERT INTO `ey_counsellor_schedule` VALUES(84, 8, '11:45 AM-6:45 PM', '05:45 PM', '06:15 PM');
INSERT INTO `ey_counsellor_schedule` VALUES(85, 8, '11:45 AM-6:45 PM', '07:04 PM', '06:45 PM');
INSERT INTO `ey_counsellor_schedule` VALUES(86, 8, '11:45 AM-6:45 PM', '06:45 PM', '07:15 PM');
INSERT INTO `ey_counsellor_schedule` VALUES(87, 12, '9:00 AM-2:45 PM', '09:00 AM', '09:30 AM');
INSERT INTO `ey_counsellor_schedule` VALUES(88, 12, '9:00 AM-2:45 PM', '09:30 AM', '10:00 AM');
INSERT INTO `ey_counsellor_schedule` VALUES(89, 12, '9:00 AM-2:45 PM', '10:00 AM', '10:30 AM');
INSERT INTO `ey_counsellor_schedule` VALUES(90, 12, '9:00 AM-2:45 PM', '01:43 PM', '02:30 PM');
INSERT INTO `ey_counsellor_schedule` VALUES(91, 12, '9:00 AM-2:45 PM', '11:00 AM', '11:30 AM');
INSERT INTO `ey_counsellor_schedule` VALUES(92, 12, '9:00 AM-2:45 PM', '11:30 AM', '12:00 PM');
INSERT INTO `ey_counsellor_schedule` VALUES(93, 12, '9:00 AM-2:45 PM', '12:00 PM', '12:30 PM');
INSERT INTO `ey_counsellor_schedule` VALUES(94, 12, '9:00 AM-2:45 PM', '12:30 PM', '01:00 PM');
INSERT INTO `ey_counsellor_schedule` VALUES(95, 12, '9:00 AM-2:45 PM', '01:00 PM', '01:30 PM');
INSERT INTO `ey_counsellor_schedule` VALUES(96, 12, '9:00 AM-2:45 PM', '01:30 PM', '02:00 PM');
INSERT INTO `ey_counsellor_schedule` VALUES(97, 12, '9:00 AM-2:45 PM', '02:00 PM', '02:30 PM');
INSERT INTO `ey_counsellor_schedule` VALUES(98, 12, '9:00 AM-2:45 PM', '03:35 PM', '03:45 PM');
INSERT INTO `ey_counsellor_schedule` VALUES(99, 14, '11:00 AM-9:00 PM', '11:00 AM', '11:30 AM');
INSERT INTO `ey_counsellor_schedule` VALUES(100, 14, '11:00 AM-9:00 PM', '11:30 AM', '12:00 PM');
INSERT INTO `ey_counsellor_schedule` VALUES(101, 14, '11:00 AM-9:00 PM', '12:00 PM', '12:30 PM');
INSERT INTO `ey_counsellor_schedule` VALUES(102, 14, '11:00 AM-9:00 PM', '12:30 PM', '01:00 PM');
INSERT INTO `ey_counsellor_schedule` VALUES(103, 14, '11:00 AM-9:00 PM', '01:00 PM', '01:30 PM');
INSERT INTO `ey_counsellor_schedule` VALUES(104, 14, '11:00 AM-9:00 PM', '01:30 PM', '02:00 PM');
INSERT INTO `ey_counsellor_schedule` VALUES(105, 14, '11:00 AM-9:00 PM', '02:00 PM', '02:30 PM');
INSERT INTO `ey_counsellor_schedule` VALUES(106, 14, '11:00 AM-9:00 PM', '02:30 PM', '03:00 PM');
INSERT INTO `ey_counsellor_schedule` VALUES(107, 14, '11:00 AM-9:00 PM', '03:00 PM', '03:30 PM');
INSERT INTO `ey_counsellor_schedule` VALUES(108, 14, '11:00 AM-9:00 PM', '03:30 PM', '04:00 PM');
INSERT INTO `ey_counsellor_schedule` VALUES(109, 14, '11:00 AM-9:00 PM', '04:00 PM', '04:30 PM');
INSERT INTO `ey_counsellor_schedule` VALUES(110, 14, '11:00 AM-9:00 PM', '04:30 PM', '05:00 PM');
INSERT INTO `ey_counsellor_schedule` VALUES(111, 14, '11:00 AM-9:00 PM', '05:00 PM', '05:30 PM');
INSERT INTO `ey_counsellor_schedule` VALUES(112, 14, '11:00 AM-9:00 PM', '05:30 PM', '06:00 PM');
INSERT INTO `ey_counsellor_schedule` VALUES(113, 14, '11:00 AM-9:00 PM', '06:00 PM', '06:30 PM');
INSERT INTO `ey_counsellor_schedule` VALUES(114, 14, '11:00 AM-9:00 PM', '06:30 PM', '07:00 PM');
INSERT INTO `ey_counsellor_schedule` VALUES(115, 14, '11:00 AM-9:00 PM', '07:00 PM', '07:30 PM');
INSERT INTO `ey_counsellor_schedule` VALUES(116, 14, '11:00 AM-9:00 PM', '07:30 PM', '08:00 PM');
INSERT INTO `ey_counsellor_schedule` VALUES(117, 14, '11:00 AM-9:00 PM', '08:00 PM', '08:30 PM');
INSERT INTO `ey_counsellor_schedule` VALUES(118, 14, '11:00 AM-9:00 PM', '08:30 PM', '09:00 PM');
INSERT INTO `ey_counsellor_schedule` VALUES(119, 14, '11:00 AM-9:00 PM', '09:00 PM', '09:30 PM');
INSERT INTO `ey_counsellor_schedule` VALUES(120, 14, '11:00 AM-9:00 PM', '09:30 PM', '10:00 PM');
INSERT INTO `ey_counsellor_schedule` VALUES(134, 7, '9:00 AM-3:00 PM', '09:00 AM', '09:30 AM');
INSERT INTO `ey_counsellor_schedule` VALUES(135, 7, '9:00 AM-3:00 PM', '09:30 AM', '10:00 AM');
INSERT INTO `ey_counsellor_schedule` VALUES(136, 7, '9:00 AM-3:00 PM', '10:00 AM', '10:30 AM');
INSERT INTO `ey_counsellor_schedule` VALUES(137, 7, '9:00 AM-3:00 PM', '10:30 AM', '11:00 AM');
INSERT INTO `ey_counsellor_schedule` VALUES(138, 7, '9:00 AM-3:00 PM', '11:00 AM', '11:30 AM');
INSERT INTO `ey_counsellor_schedule` VALUES(139, 7, '9:00 AM-3:00 PM', '11:30 AM', '12:00 PM');
INSERT INTO `ey_counsellor_schedule` VALUES(140, 7, '9:00 AM-3:00 PM', '12:00 PM', '12:30 PM');
INSERT INTO `ey_counsellor_schedule` VALUES(141, 7, '9:00 AM-3:00 PM', '12:30 PM', '01:00 PM');
INSERT INTO `ey_counsellor_schedule` VALUES(142, 7, '9:00 AM-3:00 PM', '01:00 PM', '01:30 PM');
INSERT INTO `ey_counsellor_schedule` VALUES(143, 7, '9:00 AM-3:00 PM', '01:30 PM', '02:00 PM');
INSERT INTO `ey_counsellor_schedule` VALUES(144, 7, '9:00 AM-3:00 PM', '02:27 PM', '03:00 PM');
INSERT INTO `ey_counsellor_schedule` VALUES(145, 7, '9:00 AM-3:00 PM', '02:30 PM', '03:00 PM');
INSERT INTO `ey_counsellor_schedule` VALUES(146, 7, '9:00 AM-3:00 PM', '03:00 PM', '03:30 PM');
INSERT INTO `ey_counsellor_schedule` VALUES(147, 13, '11:15 AM-5:00 PM', '11:15 AM', '11:45 AM');
INSERT INTO `ey_counsellor_schedule` VALUES(148, 13, '11:15 AM-5:00 PM', '11:45 AM', '12:15 PM');
INSERT INTO `ey_counsellor_schedule` VALUES(149, 13, '11:15 AM-5:00 PM', '12:15 PM', '12:45 PM');
INSERT INTO `ey_counsellor_schedule` VALUES(150, 13, '11:15 AM-5:00 PM', '12:45 PM', '01:15 PM');
INSERT INTO `ey_counsellor_schedule` VALUES(151, 13, '11:15 AM-5:00 PM', '01:15 PM', '01:45 PM');
INSERT INTO `ey_counsellor_schedule` VALUES(152, 13, '11:15 AM-5:00 PM', '01:45 PM', '02:15 PM');
INSERT INTO `ey_counsellor_schedule` VALUES(153, 13, '11:15 AM-5:00 PM', '02:15 PM', '02:45 PM');
INSERT INTO `ey_counsellor_schedule` VALUES(154, 13, '11:15 AM-5:00 PM', '02:45 PM', '03:15 PM');
INSERT INTO `ey_counsellor_schedule` VALUES(155, 13, '11:15 AM-5:00 PM', '03:15 PM', '03:45 PM');
INSERT INTO `ey_counsellor_schedule` VALUES(156, 13, '11:15 AM-5:00 PM', '03:45 PM', '04:15 PM');
INSERT INTO `ey_counsellor_schedule` VALUES(157, 13, '11:15 AM-5:00 PM', '04:15 PM', '04:45 PM');
INSERT INTO `ey_counsellor_schedule` VALUES(158, 13, '11:15 AM-5:00 PM', '04:45 PM', '05:15 PM');

-- --------------------------------------------------------

--
-- Table structure for table `ey_counselor_renumeration`
--

CREATE TABLE `ey_counselor_renumeration` (
  `id` int(11) NOT NULL AUTO_INCREMENT,
  `user_id` int(11) NOT NULL,
  `minutes` varchar(35) NOT NULL,
  `amount` varchar(35) NOT NULL,
  `created_at` datetime NOT NULL,
  `updated_at` datetime NOT NULL,
  PRIMARY KEY (`id`)
) ENGINE=InnoDB  DEFAULT CHARSET=latin1 AUTO_INCREMENT=8 ;

--
-- Dumping data for table `ey_counselor_renumeration`
--

INSERT INTO `ey_counselor_renumeration` VALUES(1, 2, '45', '400', '2018-01-18 17:36:27', '2018-01-18 17:38:32');
INSERT INTO `ey_counselor_renumeration` VALUES(2, 7, '30', '450', '2018-01-18 17:37:00', '2018-01-23 12:36:16');
INSERT INTO `ey_counselor_renumeration` VALUES(3, 8, '30', '200', '2018-01-18 17:37:33', '2018-01-18 17:38:55');
INSERT INTO `ey_counselor_renumeration` VALUES(4, 0, '', '300', '2018-01-19 15:00:03', '2018-01-19 15:10:44');
INSERT INTO `ey_counselor_renumeration` VALUES(5, 12, '30', '400', '2018-01-19 15:10:51', '0000-00-00 00:00:00');
INSERT INTO `ey_counselor_renumeration` VALUES(6, 14, '30', '300', '2018-01-19 15:11:05', '2018-02-01 11:08:44');
INSERT INTO `ey_counselor_renumeration` VALUES(7, 13, '30', '400', '2018-01-30 10:53:05', '0000-00-00 00:00:00');

-- --------------------------------------------------------

--
-- Table structure for table `ey_counselor_workingdays`
--

CREATE TABLE `ey_counselor_workingdays` (
  `id` int(11) NOT NULL AUTO_INCREMENT,
  `counselor_id` int(11) NOT NULL,
  `days` varchar(250) NOT NULL,
  PRIMARY KEY (`id`)
) ENGINE=InnoDB  DEFAULT CHARSET=latin1 ROW_FORMAT=COMPACT AUTO_INCREMENT=8 ;

--
-- Dumping data for table `ey_counselor_workingdays`
--

INSERT INTO `ey_counselor_workingdays` VALUES(1, 2, '["monday","tuesday","wednesday","thursday","friday"]');
INSERT INTO `ey_counselor_workingdays` VALUES(2, 7, '["sunday","monday","tuesday","wednesday"]');
INSERT INTO `ey_counselor_workingdays` VALUES(3, 8, '["sunday","tuesday","thursday","saturday"]');
INSERT INTO `ey_counselor_workingdays` VALUES(4, 0, '["monday","tuesday","wednesday","thursday","friday","saturday"]');
INSERT INTO `ey_counselor_workingdays` VALUES(5, 12, '["sunday","monday","tuesday","wednesday","thursday","friday","saturday"]');
INSERT INTO `ey_counselor_workingdays` VALUES(6, 14, '["monday","tuesday","wednesday","thursday","friday","saturday"]');
INSERT INTO `ey_counselor_workingdays` VALUES(7, 13, '["sunday","monday","thursday","friday","saturday"]');

-- --------------------------------------------------------

--
-- Table structure for table `ey_coupon`
--

CREATE TABLE `ey_coupon` (
  `id` int(11) NOT NULL,
  `coupon_name` varchar(255) NOT NULL,
  `coupon_amount` int(11) NOT NULL,
  `validity` varchar(35) NOT NULL,
  `status` enum('ACTIVE','INACTIVE') NOT NULL,
  `created_at` datetime NOT NULL,
  `updated_at` datetime NOT NULL
) ENGINE=InnoDB DEFAULT CHARSET=latin1;

--
-- Dumping data for table `ey_coupon`
--


-- --------------------------------------------------------

--
-- Table structure for table `ey_coupon_code`
--

CREATE TABLE `ey_coupon_code` (
  `id` int(11) NOT NULL AUTO_INCREMENT,
  `amount` varchar(35) NOT NULL,
  `code` varchar(35) NOT NULL,
  `status` enum('ACTIVE','INACTIVE') NOT NULL,
  `created_at` datetime NOT NULL,
  `updated_at` datetime NOT NULL,
  PRIMARY KEY (`id`)
) ENGINE=InnoDB  DEFAULT CHARSET=latin1 AUTO_INCREMENT=7 ;

--
-- Dumping data for table `ey_coupon_code`
--

INSERT INTO `ey_coupon_code` VALUES(1, '2000', '5eOZZ0', 'ACTIVE', '2018-01-18 18:05:59', '0000-00-00 00:00:00');
INSERT INTO `ey_coupon_code` VALUES(3, '500', 'B4vvyy', 'ACTIVE', '2018-01-18 18:06:21', '0000-00-00 00:00:00');
INSERT INTO `ey_coupon_code` VALUES(4, '700', 'NpJ9Iy', 'ACTIVE', '2018-01-18 18:06:32', '0000-00-00 00:00:00');
INSERT INTO `ey_coupon_code` VALUES(5, '1200', 'bOCslZ', 'ACTIVE', '2018-02-02 10:38:52', '0000-00-00 00:00:00');
INSERT INTO `ey_coupon_code` VALUES(6, '1200', 'eDejtM', 'ACTIVE', '2018-02-07 12:44:04', '0000-00-00 00:00:00');

-- --------------------------------------------------------

--
-- Table structure for table `ey_coupon_details`
--

CREATE TABLE `ey_coupon_details` (
  `id` int(11) NOT NULL AUTO_INCREMENT,
  `sche_id` int(11) NOT NULL,
  `visitor_info` varchar(35) NOT NULL,
  `phone` varchar(35) NOT NULL,
  PRIMARY KEY (`id`)
) ENGINE=MyISAM  DEFAULT CHARSET=latin1 AUTO_INCREMENT=52 ;

--
-- Dumping data for table `ey_coupon_details`
--

INSERT INTO `ey_coupon_details` VALUES(1, 12, 'M88HAu', '9656237132');
INSERT INTO `ey_coupon_details` VALUES(2, 16, 'XEinmA', '8138845536');
INSERT INTO `ey_coupon_details` VALUES(3, 17, 'NCpO13', '9633783709');
INSERT INTO `ey_coupon_details` VALUES(4, 18, 'csRn43', '9539894160');
INSERT INTO `ey_coupon_details` VALUES(5, 19, 'pP6tW3', '9539894160');
INSERT INTO `ey_coupon_details` VALUES(6, 20, 'NCpO13', '8547869437');
INSERT INTO `ey_coupon_details` VALUES(7, 21, 'NCpO13', '9539894160');
INSERT INTO `ey_coupon_details` VALUES(8, 22, 'XEinmA', '9656237132');
INSERT INTO `ey_coupon_details` VALUES(9, 23, 'hOfVyM', 'sdfsdfsdf');
INSERT INTO `ey_coupon_details` VALUES(10, 24, 'pP6tW3', '9656237132');
INSERT INTO `ey_coupon_details` VALUES(11, 25, 'kx5dmj', '8547869437');
INSERT INTO `ey_coupon_details` VALUES(12, 36, 'NCpO13', '8547869437');
INSERT INTO `ey_coupon_details` VALUES(24, 52, 'XEinmA', '8547869437');
INSERT INTO `ey_coupon_details` VALUES(23, 50, '8yphhE', '9539894160');
INSERT INTO `ey_coupon_details` VALUES(22, 49, 'pP6tW3', '8891018370');
INSERT INTO `ey_coupon_details` VALUES(25, 53, 'XEinmA', '8547869437');
INSERT INTO `ey_coupon_details` VALUES(26, 54, 'Un1Oct', '8547869437');
INSERT INTO `ey_coupon_details` VALUES(27, 55, 'Un1Oct', '8547869437');
INSERT INTO `ey_coupon_details` VALUES(28, 56, '6', '');
INSERT INTO `ey_coupon_details` VALUES(29, 57, '6', '');
INSERT INTO `ey_coupon_details` VALUES(30, 58, '6', '');
INSERT INTO `ey_coupon_details` VALUES(31, 59, '6', '');
INSERT INTO `ey_coupon_details` VALUES(32, 60, '6', '');
INSERT INTO `ey_coupon_details` VALUES(33, 61, '6', '');
INSERT INTO `ey_coupon_details` VALUES(34, 62, '6', '');
INSERT INTO `ey_coupon_details` VALUES(35, 63, '6', '');
INSERT INTO `ey_coupon_details` VALUES(36, 64, '6', '');
INSERT INTO `ey_coupon_details` VALUES(37, 65, '6', '');
INSERT INTO `ey_coupon_details` VALUES(38, 66, '6', '');
INSERT INTO `ey_coupon_details` VALUES(39, 67, '6', '');
INSERT INTO `ey_coupon_details` VALUES(40, 68, '6', '');
INSERT INTO `ey_coupon_details` VALUES(41, 77, 'KsNZk5', '9539894160');
INSERT INTO `ey_coupon_details` VALUES(42, 78, 'KsNZk5', '9656237132');
INSERT INTO `ey_coupon_details` VALUES(43, 79, 'KsNZk5', '9656237132');
INSERT INTO `ey_coupon_details` VALUES(44, 80, 'KsNZk5', '9539894160');
INSERT INTO `ey_coupon_details` VALUES(45, 81, 'bo2fze', '9539894160');
INSERT INTO `ey_coupon_details` VALUES(46, 82, 'WHKdNP', '9544255449');
INSERT INTO `ey_coupon_details` VALUES(47, 83, 'GRKqJv', '9544255449');
INSERT INTO `ey_coupon_details` VALUES(48, 84, 'giPNCQ', '9539894160');
INSERT INTO `ey_coupon_details` VALUES(49, 91, 'QDIpaX', '8891018370');
INSERT INTO `ey_coupon_details` VALUES(50, 92, 'giPNCQ', '9539894160');
INSERT INTO `ey_coupon_details` VALUES(51, 94, 'GRKqJv', '9544255449');

-- --------------------------------------------------------

--
-- Table structure for table `ey_coupon_purchased`
--

CREATE TABLE `ey_coupon_purchased` (
  `id` int(11) NOT NULL AUTO_INCREMENT,
  `visiter_info` varchar(255) NOT NULL,
  `coupon_amount` varchar(35) NOT NULL,
  `coupon_code` varchar(35) NOT NULL,
  `type` int(11) NOT NULL COMMENT '0-organization,1-individual',
  `organization` varchar(255) NOT NULL,
  `qty` int(11) NOT NULL COMMENT 'for organization',
  `purchase_date` date NOT NULL,
  `order_id` varchar(250) NOT NULL,
  `coupon_balance` int(11) NOT NULL,
  `payment_status` enum('Failed','Captured','Pending') NOT NULL,
  `status` enum('ACTIVE','INACTIVE') NOT NULL,
  PRIMARY KEY (`id`)
) ENGINE=InnoDB  DEFAULT CHARSET=latin1 AUTO_INCREMENT=32 ;

--
-- Dumping data for table `ey_coupon_purchased`
--

INSERT INTO `ey_coupon_purchased` VALUES(1, '9', '2000', '9', 0, '', 1, '2018-01-18', 'order_9R4Cjss8xbbqrw', 1100, 'Captured', 'ACTIVE');
INSERT INTO `ey_coupon_purchased` VALUES(2, 'praseetha.sectorqube@gmail.com', '2000', 'M88HAu', 0, '', 1, '2018-01-18', 'order_9R4RU51dcYoRYl', 2000, 'Captured', 'ACTIVE');
INSERT INTO `ey_coupon_purchased` VALUES(3, '8891018370', '700', 'X8qtdL', 0, '', 1, '2018-01-18', 'order_9R4SLPgV2itgw5', -900, 'Captured', 'ACTIVE');
INSERT INTO `ey_coupon_purchased` VALUES(4, 'vipinusr1@grr.la', '700', '78AYBS', 0, '', 1, '2018-01-19', 'order_9RL9A2S5yvykxm', 700, 'Captured', 'ACTIVE');
INSERT INTO `ey_coupon_purchased` VALUES(5, 'vipinusr2@grr.la', '500', 'XEinmA', 0, '', 1, '2018-01-19', 'order_9RLLYpBb4zIsbt', 500, 'Captured', 'ACTIVE');
INSERT INTO `ey_coupon_purchased` VALUES(6, '7012740914', '500', 'KyXJGe', 0, '', 1, '2018-01-19', 'order_9RPYgBpPCh4YLU', 1600, 'Captured', 'ACTIVE');
INSERT INTO `ey_coupon_purchased` VALUES(7, 'vipintemp@grr.la', '2000', 'NCpO13', 0, '', 1, '2018-01-19', 'order_9RQQSWG12tYa8c', 2000, 'Captured', 'ACTIVE');
INSERT INTO `ey_coupon_purchased` VALUES(9, 'keerthi.sectorqube@gmail.com', '500', 'csRn43', 0, '', 1, '2018-01-22', 'order_9SXjNsc8WZVGPk', 500, 'Captured', 'ACTIVE');
INSERT INTO `ey_coupon_purchased` VALUES(10, 'keerthi.sectorqube@gmail.com', '450', 'pP6tW3', 0, '', 1, '2018-01-22', 'order_9SXkDKdHWqYQTv', 450, 'Captured', 'ACTIVE');
INSERT INTO `ey_coupon_purchased` VALUES(11, 'viporg1@guerrillamail.biz', '500', 'kx5dmj', 1, 'Vipin Organization India Limited', 4, '2018-01-23', 'order_9SzdEOueAoju0w', 200, 'Captured', 'ACTIVE');
INSERT INTO `ey_coupon_purchased` VALUES(12, 'viporg1@guerrillamail.biz', '500', 'Un1Oct', 1, 'Vipin Organization India Limited', 4, '2018-01-23', 'order_9SzdEOueAoju0w', 500, 'Captured', 'ACTIVE');
INSERT INTO `ey_coupon_purchased` VALUES(13, 'viporg1@guerrillamail.biz', '500', 'hOfVyM', 1, 'Vipin Organization India Limited', 4, '2018-01-23', 'order_9SzdEOueAoju0w', 500, 'Captured', 'ACTIVE');
INSERT INTO `ey_coupon_purchased` VALUES(14, 'viporg1@guerrillamail.biz', '500', 'nAwJp0', 1, 'Vipin Organization India Limited', 4, '2018-01-23', 'order_9SzdEOueAoju0w', 500, 'Captured', 'ACTIVE');
INSERT INTO `ey_coupon_purchased` VALUES(15, '17', '1000', '17', 0, '', 1, '2018-01-24', 'order_9TTF7eVlMHzTU6', 1000, 'Captured', 'ACTIVE');
INSERT INTO `ey_coupon_purchased` VALUES(16, 'keerthi.sectorqube@gmail.com', '500', '8yphhE', 0, '', 1, '2018-01-25', 'order_9TpittMHoesRXj', 500, 'Captured', 'ACTIVE');
INSERT INTO `ey_coupon_purchased` VALUES(17, 'keerthi.sectorqube@gmail.com', '700', 'KsNZk5', 0, '', 1, '2018-01-29', 'order_9VPq9A9iD4kKPU', 600, 'Captured', 'ACTIVE');
INSERT INTO `ey_coupon_purchased` VALUES(18, 'abhi.sectorqube@gmail.com', '500', 'bo2fze', 0, '', 1, '2018-01-29', 'order_9VQH3g970SJNHd', 100, 'Captured', 'ACTIVE');
INSERT INTO `ey_coupon_purchased` VALUES(19, 'keerthi.sectorqube@gmail.com', '1200', 'QDIpaX', 0, '', 1, '2018-02-02', 'order_9WvHJGTjvPzxqn', 750, 'Captured', 'ACTIVE');
INSERT INTO `ey_coupon_purchased` VALUES(20, 'qemstylb@sharklasers.com', '700', 'WHKdNP', 0, '', 1, '2018-02-03', 'order_9XGQAqNFPPi5HQ', 400, 'Captured', 'ACTIVE');
INSERT INTO `ey_coupon_purchased` VALUES(21, 'mxjhuswc@sharklasers.com', '700', 'BHATPW', 0, '', 1, '2018-02-05', 'order_9Y5Wp0vgzK0p44', 700, 'Pending', 'ACTIVE');
INSERT INTO `ey_coupon_purchased` VALUES(22, 'mxjhuswc@sharklasers.com', '700', 'GRKqJv', 0, '', 1, '2018-02-05', 'order_9Y5XXZG31EE8Di', 100, 'Captured', 'ACTIVE');
INSERT INTO `ey_coupon_purchased` VALUES(24, 'nilena.sectorqube@gmail.com', '700', 'giPNCQ', 0, '', 1, '2018-02-05', 'order_9Y62a6f4R1drIM', 2600, 'Captured', 'ACTIVE');
INSERT INTO `ey_coupon_purchased` VALUES(30, '6', '500', '6', 0, '', 1, '2018-02-06', 'order_9YTTaBKOUcCCyn', 2800, 'Captured', 'ACTIVE');

-- --------------------------------------------------------

--
-- Table structure for table `ey_credit`
--

CREATE TABLE `ey_credit` (
  `id` int(11) NOT NULL AUTO_INCREMENT,
  `user_info` varchar(35) NOT NULL,
  `credited_amount` varchar(35) NOT NULL,
  `balance_amount` varchar(35) NOT NULL,
  `status` int(11) NOT NULL,
  `paid_date` date NOT NULL,
  PRIMARY KEY (`id`)
) ENGINE=InnoDB DEFAULT CHARSET=latin1 AUTO_INCREMENT=1 ;

--
-- Dumping data for table `ey_credit`
--


-- --------------------------------------------------------

--
-- Table structure for table `ey_enquiry`
--

CREATE TABLE `ey_enquiry` (
  `id` int(11) NOT NULL AUTO_INCREMENT,
  `name` varchar(500) DEFAULT NULL,
  `email` varchar(500) DEFAULT NULL,
  `phone` varchar(500) DEFAULT NULL,
  `message` varchar(5000) DEFAULT NULL,
  `date` varchar(500) DEFAULT NULL,
  PRIMARY KEY (`id`)
) ENGINE=InnoDB  DEFAULT CHARSET=latin1 AUTO_INCREMENT=4 ;

--
-- Dumping data for table `ey_enquiry`
--

INSERT INTO `ey_enquiry` VALUES(1, 'keerthi', 'keerthi.sectorqube@gmail.com', '9090563365', 'hello,remind me later', '23-01-2018');
INSERT INTO `ey_enquiry` VALUES(2, 'prasi', 'praseetha.sectorqube@gmail.com', '9539738394', 'hello,nice to meet u', '31-01-2018');
INSERT INTO `ey_enquiry` VALUES(3, 'nilena', 'nilena.sqt@gmail.com', '8567854530', 'tyrftyur', '2018-01-31');

-- --------------------------------------------------------

--
-- Table structure for table `ey_lost_password`
--

CREATE TABLE `ey_lost_password` (
  `id` int(11) NOT NULL AUTO_INCREMENT,
  `user_id` int(11) NOT NULL,
  `token` varchar(35) NOT NULL,
  `created_at` datetime NOT NULL,
  `upated_at` datetime NOT NULL,
  PRIMARY KEY (`id`)
) ENGINE=InnoDB DEFAULT CHARSET=latin1 AUTO_INCREMENT=1 ;

--
-- Dumping data for table `ey_lost_password`
--


-- --------------------------------------------------------

--
-- Table structure for table `ey_payment`
--

CREATE TABLE `ey_payment` (
  `id` int(11) NOT NULL AUTO_INCREMENT,
  `order_id` varchar(255) NOT NULL,
  `payment_id` varchar(255) NOT NULL,
  `amount` varchar(35) NOT NULL,
  `currency` varchar(35) NOT NULL,
  `payment_status` enum('Failed','Captured','Pending') NOT NULL,
  `invoice_id` varchar(255) DEFAULT NULL,
  `method` varchar(255) NOT NULL,
  `bank` varchar(35) DEFAULT NULL,
  `description` text NOT NULL,
  `email` varchar(255) NOT NULL,
  `contact` varchar(255) NOT NULL,
  `notes` text NOT NULL,
  `error_code` varchar(255) DEFAULT NULL,
  `error_description` text,
  `created_at` date DEFAULT NULL,
  `amount_refunded` varchar(35) DEFAULT NULL,
  `refund_status` varchar(35) DEFAULT NULL,
  PRIMARY KEY (`id`)
) ENGINE=InnoDB  DEFAULT CHARSET=latin1 AUTO_INCREMENT=32 ;

--
-- Dumping data for table `ey_payment`
--

INSERT INTO `ey_payment` VALUES(1, 'order_9R4Cjss8xbbqrw', 'pay_9R4CsEL69EIHD2', '200000', 'INR', 'Captured', NULL, 'netbanking', 'SBIN', 'Purchase Code', 'user1@gmail.com', '+918891018370', '', NULL, NULL, '0000-00-00', '0', NULL);
INSERT INTO `ey_payment` VALUES(2, 'order_9R4RU51dcYoRYl', 'pay_9R4RiHzlja3Sip', '200000', 'INR', 'Captured', NULL, 'netbanking', 'HDFC', 'Purchase Code', 'praseetha.sectorqube@gmail.com', '+919656237132', '', NULL, NULL, '0000-00-00', '0', NULL);
INSERT INTO `ey_payment` VALUES(3, 'order_9R4SLPgV2itgw5', 'pay_9R4ScVD1ACXfi6', '70000', 'INR', 'Captured', NULL, 'netbanking', 'UTIB', 'Purchase Code', 'praseethagnair@hotmail.com', '+919656236132', '', NULL, NULL, '0000-00-00', '0', NULL);
INSERT INTO `ey_payment` VALUES(4, 'order_9RL9A2S5yvykxm', 'pay_9RL9vsZpenZ6vt', '70000', 'INR', 'Captured', NULL, 'upi', NULL, 'Purchase Code', 'vipinusr1@grr.la', '+919633783709', '', NULL, NULL, '0000-00-00', '0', NULL);
INSERT INTO `ey_payment` VALUES(5, 'order_9RLLYpBb4zIsbt', 'pay_9RLLqOhSOg4Q0x', '50000', 'INR', 'Captured', NULL, 'upi', NULL, 'Purchase Code', 'vipinusr2@grr.la', '+919633783709', '', NULL, NULL, '0000-00-00', '0', NULL);
INSERT INTO `ey_payment` VALUES(6, 'order_9RPYgBpPCh4YLU', 'pay_9RPZ1OZzc0MwJG', '50000', 'INR', 'Captured', NULL, 'netbanking', 'SBIN', 'Purchase Code', 'praseethagnair@hotmail.com', '+917012740914', '', NULL, NULL, '0000-00-00', '0', NULL);
INSERT INTO `ey_payment` VALUES(7, 'order_9RQQSWG12tYa8c', 'pay_9RQQqNcyZTBGu3', '200000', 'INR', 'Captured', NULL, 'upi', NULL, 'Purchase Code', 'vipintemp@grr.la', '+919633783709', '', NULL, NULL, '0000-00-00', '0', NULL);
INSERT INTO `ey_payment` VALUES(8, 'order_9RpCzPc4zOii2u', 'pay_9RpDG1Xu1zmEa0', '200000', 'INR', 'Captured', NULL, 'netbanking', 'ICIC', 'Purchase Code', 'chinnu@gmail.com', '+919539894160', '', NULL, NULL, '0000-00-00', '0', NULL);
INSERT INTO `ey_payment` VALUES(9, 'order_9SXjNsc8WZVGPk', 'pay_9SXjmWaIv0MZ92', '50000', 'INR', 'Captured', NULL, 'netbanking', 'ICIC', 'Purchase Code', 'keerthi.sectorqube@gmail.com', '+919539894160', '', NULL, NULL, '0000-00-00', '0', NULL);
INSERT INTO `ey_payment` VALUES(10, 'order_9SXkDKdHWqYQTv', 'pay_9SXkzqZ1X2Ea10', '45000', 'INR', 'Captured', NULL, 'netbanking', 'ICIC', 'Purchase Code', 'keerthi.sectorqube@gmail.com', '+919539894160', '', NULL, NULL, '0000-00-00', '0', NULL);
INSERT INTO `ey_payment` VALUES(11, 'order_9SzdEOueAoju0w', 'pay_9Szdh9UzUDnEd6', '200000', 'INR', 'Captured', NULL, 'upi', NULL, 'Purchase Code', 'viporg1@guerrillamail.biz', '+919633783709', '', NULL, NULL, '0000-00-00', '0', NULL);
INSERT INTO `ey_payment` VALUES(12, 'order_9TTF7eVlMHzTU6', 'pay_9TTFLwR4XSMEVM', '100000', 'INR', 'Captured', NULL, 'upi', NULL, 'Purchase Code', 'vinodtest@grr.la', '+918547869437', '', NULL, NULL, '0000-00-00', '0', NULL);
INSERT INTO `ey_payment` VALUES(13, 'order_9TpittMHoesRXj', 'pay_9TpjEQtfSvt6o5', '50000', 'INR', 'Captured', NULL, 'netbanking', 'ICIC', 'Purchase Code', 'keerthi.sectorqube@gmail.com', '+919539894160', '', NULL, NULL, '0000-00-00', '0', NULL);
INSERT INTO `ey_payment` VALUES(14, 'order_9VPq9A9iD4kKPU', 'pay_9VPqYtp3hrrQkr', '70000', 'INR', 'Captured', NULL, 'netbanking', 'ICIC', 'Purchase Code', 'keerthi.sectorqube@gmail.com', '+919539894160', '', NULL, NULL, '0000-00-00', '0', NULL);
INSERT INTO `ey_payment` VALUES(15, 'order_9VQH3g970SJNHd', 'pay_9VQHPltmkwjjix', '50000', 'INR', 'Captured', NULL, 'netbanking', 'ICIC', 'Purchase Code', 'abhi.sectorqube@gmail.com', '939894160', '', NULL, NULL, '0000-00-00', '0', NULL);
INSERT INTO `ey_payment` VALUES(16, 'order_9WvHJGTjvPzxqn', 'pay_9WvIFGyua8jqsJ', '120000', 'INR', 'Captured', NULL, 'netbanking', 'ICIC', 'Purchase Code', 'keerthi.sectorqube@gmail.com', '+919539894160', '', NULL, NULL, '0000-00-00', '0', NULL);
INSERT INTO `ey_payment` VALUES(17, 'order_9XGQAqNFPPi5HQ', 'pay_9XGREuZ4Qu7Vwl', '70000', 'INR', 'Captured', NULL, 'upi', NULL, 'Purchase Code', 'qemstylb@sharklasers.com', '+919633783709', '', NULL, NULL, '0000-00-00', '0', NULL);
INSERT INTO `ey_payment` VALUES(18, 'order_9Y5XXZG31EE8Di', 'pay_9Y5a780oyVr4sV', '70000', 'INR', 'Captured', NULL, 'upi', NULL, 'Purchase Code', 'mxjhuswc@sharklasers.com', '+919633783709', '', NULL, NULL, '0000-00-00', '0', NULL);
INSERT INTO `ey_payment` VALUES(19, 'order_9Y5rVPsbWa4nxP', 'pay_9Y5rpRZ8CSYRf0', '60000', 'INR', 'Captured', NULL, 'netbanking', 'ICIC', 'Purchase Code', 'chinnu123@gmail.com', '+919539894160', '', NULL, NULL, '0000-00-00', '0', NULL);
INSERT INTO `ey_payment` VALUES(20, 'order_9Y62a6f4R1drIM', 'pay_9Y63Dhp2cW1kBx', '70000', 'INR', 'Captured', NULL, 'netbanking', 'ICIC', 'Purchase Code', 'nilena.sectorqube@gmail.com', '+919539894160', '', NULL, NULL, '0000-00-00', '0', NULL);
INSERT INTO `ey_payment` VALUES(21, 'order_9Y8UA2Xt9qmTVb', 'pay_9Y8URDjtrJcnED', '500000', 'INR', 'Captured', NULL, 'netbanking', 'ICIC', 'Purchase Code', 'chinnu123@gmail.com', '+919539894160', '', NULL, NULL, '0000-00-00', '0', NULL);
INSERT INTO `ey_payment` VALUES(22, 'order_9Y8UA2Xt9qmTVb', 'pay_9Y8URDjtrJcnED', '500000', 'INR', 'Captured', NULL, 'netbanking', 'ICIC', 'Purchase Code', 'chinnu123@gmail.com', '+919539894160', '', NULL, NULL, '0000-00-00', '0', NULL);
INSERT INTO `ey_payment` VALUES(23, 'order_9Y8zjnHmid0zYA', 'pay_9Y8ztyWWIOiNtk', '500000', 'INR', 'Captured', NULL, 'netbanking', 'ICIC', 'Purchase Code', 'chinnu123@gmail.com', '+919539894160', '', NULL, NULL, '0000-00-00', '0', NULL);
INSERT INTO `ey_payment` VALUES(24, 'order_9Y91esw85iHqkl', 'pay_9Y91mF2JQCQw4x', '200000', 'INR', 'Captured', NULL, 'netbanking', 'ICIC', 'Purchase Code', 'chinnu123@gmail.com', '+919539894160', '', NULL, NULL, '0000-00-00', '0', NULL);
INSERT INTO `ey_payment` VALUES(25, 'order_9Y9G6T1WOEjfC9', 'pay_9Y9GDwlpEQHoSV', '200000', 'INR', 'Captured', NULL, 'netbanking', 'ICIC', 'Purchase Code', 'chinnu123@gmail.com', '+919539894160', '', NULL, NULL, '0000-00-00', '0', NULL);
INSERT INTO `ey_payment` VALUES(26, 'order_9Y9G6T1WOEjfC9', 'pay_9Y9GDwlpEQHoSV', '200000', 'INR', 'Captured', NULL, 'netbanking', 'ICIC', 'Purchase Code', 'chinnu123@gmail.com', '+919539894160', '', NULL, NULL, '0000-00-00', '0', NULL);
INSERT INTO `ey_payment` VALUES(27, 'order_9Y9hDFJB5hFvDV', 'pay_9Y9hKgGTq4xOjw', '200000', 'INR', 'Captured', NULL, 'netbanking', 'ICIC', 'Purchase Code', 'chinnu123@gmail.com', '+919539894160', '', NULL, NULL, '0000-00-00', '0', NULL);
INSERT INTO `ey_payment` VALUES(28, 'order_9Y9iyDjZEUVU4X', 'pay_9Y9j5ykiFT7Gvy', '200000', 'INR', 'Captured', NULL, 'netbanking', 'ICIC', 'Purchase Code', 'chinnu123@gmail.com', '+919539894160', '', NULL, NULL, '0000-00-00', '0', NULL);
INSERT INTO `ey_payment` VALUES(29, 'order_9Y9kbgsiACP4j8', 'pay_9Y9kjbRNDO1bkr', '200000', 'INR', 'Captured', NULL, 'netbanking', 'ICIC', 'Purchase Code', 'chinnu123@gmail.com', '+919539894160', '', NULL, NULL, '0000-00-00', '0', NULL);
INSERT INTO `ey_payment` VALUES(30, 'order_9Y9kbgsiACP4j8', 'pay_9Y9kjbRNDO1bkr', '200000', 'INR', 'Captured', NULL, 'netbanking', 'ICIC', 'Purchase Code', 'chinnu123@gmail.com', '+919539894160', '', NULL, NULL, '0000-00-00', '0', NULL);
INSERT INTO `ey_payment` VALUES(31, 'order_9YTTaBKOUcCCyn', 'pay_9YTTiy4G60Ui42', '50000', 'INR', 'Captured', NULL, 'netbanking', 'SBIN', 'Purchase Code', 'chinnu123@gmail.com', '+919539894160', '', NULL, NULL, '0000-00-00', '0', NULL);

-- --------------------------------------------------------

--
-- Table structure for table `ey_phone_verify`
--

CREATE TABLE `ey_phone_verify` (
  `id` int(11) NOT NULL AUTO_INCREMENT,
  `phone` varchar(100) NOT NULL,
  `code` varchar(35) NOT NULL,
  `is_expired` int(11) NOT NULL,
  `created_at` datetime NOT NULL,
  PRIMARY KEY (`id`)
) ENGINE=InnoDB  DEFAULT CHARSET=latin1 AUTO_INCREMENT=53 ;

--
-- Dumping data for table `ey_phone_verify`
--

INSERT INTO `ey_phone_verify` VALUES(1, '9539894160', '5316', 0, '2018-01-18 15:56:19');
INSERT INTO `ey_phone_verify` VALUES(2, '8891018370', '8102', 0, '2018-01-18 17:51:30');
INSERT INTO `ey_phone_verify` VALUES(3, '8891018370', '2393', 0, '2018-01-18 17:52:08');
INSERT INTO `ey_phone_verify` VALUES(4, '9633783709', '3542', 0, '2018-01-19 14:40:51');
INSERT INTO `ey_phone_verify` VALUES(5, '9633783709', '7520', 0, '2018-01-19 14:47:15');
INSERT INTO `ey_phone_verify` VALUES(6, '8547869437', '2133', 0, '2018-01-22 16:31:09');
INSERT INTO `ey_phone_verify` VALUES(7, '', '9576', 0, '2018-01-24 12:30:43');
INSERT INTO `ey_phone_verify` VALUES(8, '9656237132', '6984', 0, '2018-01-24 12:48:42');
INSERT INTO `ey_phone_verify` VALUES(9, '9656237132', '2728', 0, '2018-01-24 13:06:41');
INSERT INTO `ey_phone_verify` VALUES(10, '9656237132', '6961', 0, '2018-01-24 13:08:29');
INSERT INTO `ey_phone_verify` VALUES(11, '55', '9772', 0, '2018-01-31 10:54:02');
INSERT INTO `ey_phone_verify` VALUES(12, '9656237132', '9707', 0, '2018-01-31 11:14:08');
INSERT INTO `ey_phone_verify` VALUES(13, '7034277126', '8495', 0, '2018-02-06 12:51:35');
INSERT INTO `ey_phone_verify` VALUES(14, '8075879752', '4577', 0, '2018-02-06 12:58:56');
INSERT INTO `ey_phone_verify` VALUES(15, '8075879752', '3090', 0, '2018-02-06 13:46:04');
INSERT INTO `ey_phone_verify` VALUES(16, '8075879752', '2265', 0, '2018-02-06 13:46:28');
INSERT INTO `ey_phone_verify` VALUES(17, '8547966500', '6105', 0, '2018-02-06 14:43:58');
INSERT INTO `ey_phone_verify` VALUES(18, '8547966500', '5723', 0, '2018-02-06 14:48:23');
INSERT INTO `ey_phone_verify` VALUES(19, '8547966500', '5539', 0, '2018-02-06 15:22:49');
INSERT INTO `ey_phone_verify` VALUES(20, '8547966500', '5720', 0, '2018-02-06 15:27:31');
INSERT INTO `ey_phone_verify` VALUES(21, '8547966500', '8328', 0, '2018-02-06 15:29:26');
INSERT INTO `ey_phone_verify` VALUES(22, '8547966500', '5849', 0, '2018-02-06 15:31:38');
INSERT INTO `ey_phone_verify` VALUES(23, '8547966500', '9906', 0, '2018-02-06 15:42:26');
INSERT INTO `ey_phone_verify` VALUES(24, '8547966500', '9678', 0, '2018-02-06 15:44:32');
INSERT INTO `ey_phone_verify` VALUES(25, '8547966500', '7766', 0, '2018-02-06 15:48:31');
INSERT INTO `ey_phone_verify` VALUES(26, '8547966500', '0070', 0, '2018-02-06 15:57:08');
INSERT INTO `ey_phone_verify` VALUES(27, '8075879752', '3601', 0, '2018-02-06 17:26:13');
INSERT INTO `ey_phone_verify` VALUES(28, '8075879752', '1888', 0, '2018-02-06 17:32:54');
INSERT INTO `ey_phone_verify` VALUES(29, '9633594316', '4642', 0, '2018-02-07 10:44:58');
INSERT INTO `ey_phone_verify` VALUES(30, '9633594316', '0613', 0, '2018-02-07 11:04:16');
INSERT INTO `ey_phone_verify` VALUES(31, '9633594316', '0245', 0, '2018-02-07 11:10:04');
INSERT INTO `ey_phone_verify` VALUES(32, '9633594316', '0515', 0, '2018-02-07 11:10:06');
INSERT INTO `ey_phone_verify` VALUES(33, '9633594316', '0589', 0, '2018-02-07 11:10:13');
INSERT INTO `ey_phone_verify` VALUES(34, '9633594316', '4237', 0, '2018-02-07 11:10:15');
INSERT INTO `ey_phone_verify` VALUES(35, '8547966500', '8430', 0, '2018-02-07 11:47:28');
INSERT INTO `ey_phone_verify` VALUES(36, '9633594316', '3981', 0, '2018-02-07 11:59:41');
INSERT INTO `ey_phone_verify` VALUES(37, '8547966500', '5539', 0, '2018-02-07 12:11:38');
INSERT INTO `ey_phone_verify` VALUES(38, '8547966500', '7882', 0, '2018-02-07 12:17:08');
INSERT INTO `ey_phone_verify` VALUES(39, '8547966500', '6834', 0, '2018-02-07 12:20:38');
INSERT INTO `ey_phone_verify` VALUES(40, '8547966500', '2537', 0, '2018-02-07 12:24:16');
INSERT INTO `ey_phone_verify` VALUES(41, '8547966500', '5559', 0, '2018-02-07 12:25:20');
INSERT INTO `ey_phone_verify` VALUES(42, '8547966500', '8229', 0, '2018-02-07 12:26:28');
INSERT INTO `ey_phone_verify` VALUES(43, '8547966500', '8845', 0, '2018-02-07 12:28:27');
INSERT INTO `ey_phone_verify` VALUES(44, '8547966500', '8339', 0, '2018-02-07 12:29:45');
INSERT INTO `ey_phone_verify` VALUES(45, '8547966500', '8714', 0, '2018-02-07 12:34:06');
INSERT INTO `ey_phone_verify` VALUES(46, '8547966500', '8596', 0, '2018-02-07 12:36:12');
INSERT INTO `ey_phone_verify` VALUES(47, '8547966500', '8863', 0, '2018-02-07 12:44:43');
INSERT INTO `ey_phone_verify` VALUES(48, '8547966500', '7015', 0, '2018-02-07 12:47:17');
INSERT INTO `ey_phone_verify` VALUES(49, '8547966500', '4549', 0, '2018-02-07 12:59:50');
INSERT INTO `ey_phone_verify` VALUES(50, '9539894160', '0610', 0, '2018-02-12 12:39:17');
INSERT INTO `ey_phone_verify` VALUES(51, '9539894160', '8009', 0, '2018-02-12 12:46:57');
INSERT INTO `ey_phone_verify` VALUES(52, '9539894160', '3123', 0, '2018-02-12 12:47:29');

-- --------------------------------------------------------

--
-- Table structure for table `ey_reschedule`
--

CREATE TABLE `ey_reschedule` (
  `id` int(11) NOT NULL AUTO_INCREMENT,
  `counselor_id` int(11) NOT NULL,
  `visitor_info` varchar(35) NOT NULL,
  `current_schedule_id` int(11) NOT NULL,
  `date` date NOT NULL,
  `schedule_id` int(11) NOT NULL,
  `reason_to_reschedule` text NOT NULL,
  `is_modified` int(11) NOT NULL,
  `status` enum('ACTIVE','INACTIVE') NOT NULL,
  `created_at` datetime NOT NULL,
  `updated_at` datetime NOT NULL,
  PRIMARY KEY (`id`)
) ENGINE=InnoDB  DEFAULT CHARSET=latin1 AUTO_INCREMENT=3 ;

--
-- Dumping data for table `ey_reschedule`
--

INSERT INTO `ey_reschedule` VALUES(1, 7, '9', 42, '2018-01-31', 44, 'aaa', 0, 'ACTIVE', '2018-01-19 18:01:08', '0000-00-00 00:00:00');
INSERT INTO `ey_reschedule` VALUES(2, 14, 'GRKqJv', 83, '2018-02-05', 102, 'was busy', 0, 'ACTIVE', '2018-02-05 12:03:44', '0000-00-00 00:00:00');

-- --------------------------------------------------------

--
-- Table structure for table `ey_schedule`
--

CREATE TABLE `ey_schedule` (
  `id` int(11) NOT NULL AUTO_INCREMENT,
  `counselor_id` int(11) NOT NULL,
  `visitor_info` varchar(35) NOT NULL,
  `date` date NOT NULL,
  `schedule_id` int(11) NOT NULL,
  `note` text NOT NULL,
  `status` enum('ACTIVE','INACTIVE') NOT NULL,
  `is_modified` int(11) NOT NULL,
  `reschedule_request_date` date NOT NULL,
  `created_at` datetime NOT NULL,
  `updated_at` datetime NOT NULL,
  PRIMARY KEY (`id`)
) ENGINE=InnoDB  DEFAULT CHARSET=latin1 AUTO_INCREMENT=95 ;

--
-- Dumping data for table `ey_schedule`
--

INSERT INTO `ey_schedule` VALUES(1, 7, '9', '2018-01-19', 39, 'test schedule', 'ACTIVE', 0, '0000-00-00', '2018-01-18 17:53:37', '0000-00-00 00:00:00');
INSERT INTO `ey_schedule` VALUES(2, 7, '9', '2018-01-18', 44, 'test 23', 'ACTIVE', 0, '0000-00-00', '2018-01-18 17:55:37', '0000-00-00 00:00:00');
INSERT INTO `ey_schedule` VALUES(4, 8, 'X8qtdL', '2018-01-18', 85, 'test test', 'ACTIVE', 0, '0000-00-00', '2018-01-18 18:11:03', '0000-00-00 00:00:00');
INSERT INTO `ey_schedule` VALUES(5, 2, 'X8qtdL', '2018-01-19', 34, 'test test', 'ACTIVE', 0, '0000-00-00', '2018-01-19 10:10:27', '0000-00-00 00:00:00');
INSERT INTO `ey_schedule` VALUES(6, 7, 'KyXJGe', '2018-01-19', 49, 'test test', 'ACTIVE', 0, '0000-00-00', '2018-01-19 14:47:37', '0000-00-00 00:00:00');
INSERT INTO `ey_schedule` VALUES(8, 14, 'XEinmA', '2018-01-19', 108, 'test vipin 3.30 - 19th', 'ACTIVE', 0, '0000-00-00', '2018-01-19 15:12:52', '0000-00-00 00:00:00');
INSERT INTO `ey_schedule` VALUES(9, 12, 'KyXJGe', '2018-01-19', 54, 'testtttt', 'ACTIVE', 0, '0000-00-00', '2018-01-19 15:18:43', '0000-00-00 00:00:00');
INSERT INTO `ey_schedule` VALUES(10, 14, 'NCpO13', '2018-01-19', 111, 'test vipin 5 to 530', 'ACTIVE', 0, '0000-00-00', '2018-01-19 16:35:52', '0000-00-00 00:00:00');
INSERT INTO `ey_schedule` VALUES(11, 7, 'M88HAu', '2018-01-19', 42, 'test schedule', 'ACTIVE', 0, '0000-00-00', '2018-01-19 17:25:50', '0000-00-00 00:00:00');
INSERT INTO `ey_schedule` VALUES(12, 7, 'M88HAu', '2018-01-19', 54, 'tesssssttttttttttt', 'ACTIVE', 0, '0000-00-00', '2018-01-19 17:43:17', '0000-00-00 00:00:00');
INSERT INTO `ey_schedule` VALUES(13, 7, '9', '2018-01-26', 42, 'test ', 'ACTIVE', 1, '0000-00-00', '2018-01-19 18:00:20', '0000-00-00 00:00:00');
INSERT INTO `ey_schedule` VALUES(16, 14, 'XEinmA', '2018-01-22', 100, 'test 1130-1200', 'ACTIVE', 0, '0000-00-00', '2018-01-22 11:03:05', '0000-00-00 00:00:00');
INSERT INTO `ey_schedule` VALUES(17, 7, 'NCpO13', '2018-01-22', 42, 'test - Vipin - 1130to1200', 'ACTIVE', 0, '0000-00-00', '2018-01-22 11:06:29', '0000-00-00 00:00:00');
INSERT INTO `ey_schedule` VALUES(19, 7, 'pP6tW3', '2018-01-24', 44, 'test2', 'ACTIVE', 0, '0000-00-00', '2018-01-22 11:29:22', '0000-00-00 00:00:00');
INSERT INTO `ey_schedule` VALUES(20, 14, 'NCpO13', '2018-01-22', 101, 'test call for Vinod. - 12noon', 'ACTIVE', 0, '0000-00-00', '2018-01-22 11:51:27', '0000-00-00 00:00:00');
INSERT INTO `ey_schedule` VALUES(21, 2, 'NCpO13', '2018-01-23', 35, 'test22', 'ACTIVE', 0, '0000-00-00', '2018-01-23 10:52:59', '0000-00-00 00:00:00');
INSERT INTO `ey_schedule` VALUES(22, 7, 'XEinmA', '2018-01-23', 45, 'test test', 'ACTIVE', 0, '0000-00-00', '2018-01-23 10:53:00', '0000-00-00 00:00:00');
INSERT INTO `ey_schedule` VALUES(23, 14, 'hOfVyM', '2018-01-23', 107, 'test with org code', 'ACTIVE', 0, '0000-00-00', '2018-01-23 14:55:08', '0000-00-00 00:00:00');
INSERT INTO `ey_schedule` VALUES(24, 7, 'pP6tW3', '2018-01-24', 135, 'test test test', 'ACTIVE', 0, '0000-00-00', '2018-01-23 17:09:22', '0000-00-00 00:00:00');
INSERT INTO `ey_schedule` VALUES(25, 14, 'kx5dmj', '2018-01-24', 103, 'test with code kx5dmj 1 pm', 'ACTIVE', 0, '0000-00-00', '2018-01-24 12:55:00', '0000-00-00 00:00:00');
INSERT INTO `ey_schedule` VALUES(26, 14, '17', '2018-01-25', 99, 'test call a t 11 am 25th', 'ACTIVE', 0, '0000-00-00', '2018-01-24 19:41:40', '0000-00-00 00:00:00');
INSERT INTO `ey_schedule` VALUES(36, 14, 'NCpO13', '2018-01-25', 99, 'test 11 aam  25th', 'ACTIVE', 0, '0000-00-00', '2018-01-24 19:43:12', '0000-00-00 00:00:00');
INSERT INTO `ey_schedule` VALUES(50, 12, '8yphhE', '2018-01-27', 89, 'test schedule', 'ACTIVE', 0, '0000-00-00', '2018-01-25 17:44:44', '0000-00-00 00:00:00');
INSERT INTO `ey_schedule` VALUES(51, 14, '17', '2018-01-25', 115, 'test appnment Vinod user id Rs1000 balance', 'ACTIVE', 0, '0000-00-00', '2018-01-25 18:37:40', '0000-00-00 00:00:00');
INSERT INTO `ey_schedule` VALUES(52, 14, 'XEinmA', '2018-01-26', 105, 'testing with code XEinmA', 'ACTIVE', 0, '0000-00-00', '2018-01-25 19:05:33', '0000-00-00 00:00:00');
INSERT INTO `ey_schedule` VALUES(53, 14, 'XEinmA', '2018-01-25', 117, 'test with code XEinmA', 'ACTIVE', 0, '0000-00-00', '2018-01-25 19:11:15', '0000-00-00 00:00:00');
INSERT INTO `ey_schedule` VALUES(54, 14, 'Un1Oct', '2018-01-26', 101, 'test using code Un1Oct - 500 bal', 'ACTIVE', 0, '0000-00-00', '2018-01-25 19:16:29', '0000-00-00 00:00:00');
INSERT INTO `ey_schedule` VALUES(55, 14, 'Un1Oct', '2018-01-26', 102, 'using code Un1Oct - 300Rrs already scheduled', 'ACTIVE', 0, '0000-00-00', '2018-01-25 19:17:10', '0000-00-00 00:00:00');
INSERT INTO `ey_schedule` VALUES(56, 2, '6', '2018-01-29', 32, 'test ', 'ACTIVE', 0, '0000-00-00', '2018-01-29 11:10:38', '0000-00-00 00:00:00');
INSERT INTO `ey_schedule` VALUES(77, 7, 'KsNZk5', '2018-02-01', 135, 'local user', 'ACTIVE', 0, '0000-00-00', '2018-01-29 17:44:06', '0000-00-00 00:00:00');
INSERT INTO `ey_schedule` VALUES(78, 7, 'KsNZk5', '2018-01-31', 135, 'test test', 'ACTIVE', 0, '0000-00-00', '2018-01-29 17:47:01', '0000-00-00 00:00:00');
INSERT INTO `ey_schedule` VALUES(79, 7, 'KsNZk5', '2018-01-31', 134, 'test test', 'ACTIVE', 0, '0000-00-00', '2018-01-29 17:49:54', '0000-00-00 00:00:00');
INSERT INTO `ey_schedule` VALUES(80, 2, 'KsNZk5', '2018-01-31', 30, 'local user 2', 'ACTIVE', 0, '0000-00-00', '2018-01-29 17:52:57', '0000-00-00 00:00:00');
INSERT INTO `ey_schedule` VALUES(81, 12, 'bo2fze', '2018-02-03', 97, 'sample appointment', 'ACTIVE', 0, '0000-00-00', '2018-01-29 18:07:46', '0000-00-00 00:00:00');
INSERT INTO `ey_schedule` VALUES(83, 14, 'GRKqJv', '2018-02-05', 101, 'test with code GRKqJv 12 noon 5 feb', 'ACTIVE', 1, '0000-00-00', '2018-02-05 11:56:12', '0000-00-00 00:00:00');
INSERT INTO `ey_schedule` VALUES(84, 12, 'giPNCQ', '2018-02-05', 94, 'testing', 'ACTIVE', 0, '0000-00-00', '2018-02-05 12:16:14', '0000-00-00 00:00:00');
INSERT INTO `ey_schedule` VALUES(85, 7, '6', '2018-02-07', 45, 'sad', 'ACTIVE', 0, '0000-00-00', '2018-02-05 15:00:13', '0000-00-00 00:00:00');
INSERT INTO `ey_schedule` VALUES(86, 7, '6', '2018-02-06', 45, 'sf', 'ACTIVE', 0, '0000-00-00', '2018-02-05 15:09:46', '0000-00-00 00:00:00');
INSERT INTO `ey_schedule` VALUES(87, 7, '6', '2018-02-06', 45, 'asdxc', 'ACTIVE', 0, '0000-00-00', '2018-02-05 15:14:49', '0000-00-00 00:00:00');
INSERT INTO `ey_schedule` VALUES(88, 7, '6', '2018-02-06', 45, 'zxc', 'ACTIVE', 0, '0000-00-00', '2018-02-05 16:59:03', '0000-00-00 00:00:00');
INSERT INTO `ey_schedule` VALUES(89, 7, '6', '2018-02-07', 139, 'test 123', 'ACTIVE', 0, '0000-00-00', '2018-02-06 11:08:07', '0000-00-00 00:00:00');
INSERT INTO `ey_schedule` VALUES(90, 12, '6', '2018-02-07', 90, 'test 7th febb', 'ACTIVE', 0, '0000-00-00', '2018-02-06 11:09:52', '0000-00-00 00:00:00');
INSERT INTO `ey_schedule` VALUES(91, 7, 'QDIpaX', '2018-02-07', 144, 'test call', 'ACTIVE', 0, '0000-00-00', '2018-02-06 13:19:38', '0000-00-00 00:00:00');
INSERT INTO `ey_schedule` VALUES(92, 2, 'giPNCQ', '2018-02-07', 37, 'test call 2', 'ACTIVE', 0, '0000-00-00', '2018-02-06 13:35:49', '0000-00-00 00:00:00');
INSERT INTO `ey_schedule` VALUES(93, 2, '6', '2018-02-07', 33, 'test test', 'ACTIVE', 0, '0000-00-00', '2018-02-07 11:32:52', '0000-00-00 00:00:00');
INSERT INTO `ey_schedule` VALUES(94, 14, 'GRKqJv', '2018-02-07', 101, 'test with code GRKqJv', 'ACTIVE', 0, '0000-00-00', '2018-02-07 11:56:47', '0000-00-00 00:00:00');

-- --------------------------------------------------------

--
-- Table structure for table `ey_track_counselling`
--

CREATE TABLE `ey_track_counselling` (
  `id` int(11) NOT NULL AUTO_INCREMENT,
  `user_info` varchar(35) NOT NULL,
  `duration` time NOT NULL,
  `cost` float NOT NULL,
  `date` date NOT NULL,
  `status` enum('ACTIVE','INACTIVE') NOT NULL,
  PRIMARY KEY (`id`)
) ENGINE=InnoDB DEFAULT CHARSET=latin1 AUTO_INCREMENT=1 ;

--
-- Dumping data for table `ey_track_counselling`
--


-- --------------------------------------------------------

--
-- Table structure for table `ey_transaction`
--

CREATE TABLE `ey_transaction` (
  `id` int(11) NOT NULL AUTO_INCREMENT,
  `user_id` int(11) NOT NULL,
  `counsellor_id` int(11) NOT NULL,
  `cost` int(11) NOT NULL,
  `balance_amount` int(11) NOT NULL,
  PRIMARY KEY (`id`)
) ENGINE=InnoDB DEFAULT CHARSET=latin1 AUTO_INCREMENT=1 ;

--
-- Dumping data for table `ey_transaction`
--


-- --------------------------------------------------------

--
-- Table structure for table `ey_user`
--

CREATE TABLE `ey_user` (
  `id` int(11) NOT NULL AUTO_INCREMENT,
  `oauth_uid` varchar(255) NOT NULL,
  `username` varchar(235) NOT NULL,
  `email` varchar(235) NOT NULL,
  `password` varchar(235) NOT NULL,
  `phone` varchar(235) DEFAULT NULL,
  `age` int(11) DEFAULT NULL,
  `gender` int(11) DEFAULT NULL,
  `qualification` varchar(235) NOT NULL,
  `employed` int(11) NOT NULL,
  `photo` varchar(235) DEFAULT NULL,
  `marital_status` int(11) DEFAULT NULL,
  `kids` int(11) DEFAULT NULL,
  `role_id` int(11) NOT NULL,
  `status` enum('pending','approve','disapprove') DEFAULT 'pending',
  `created_at` datetime NOT NULL,
  `updated_at` datetime NOT NULL,
  PRIMARY KEY (`id`)
) ENGINE=InnoDB  DEFAULT CHARSET=latin1 ROW_FORMAT=COMPACT AUTO_INCREMENT=35 ;

--
-- Dumping data for table `ey_user`
--

INSERT INTO `ey_user` VALUES(1, '', 'Admin', 'admin@gmail.com', '0192023a7bbd73250516f069df18b500', '9656237132', 22, 2, 'daily', 0, '40w-1-96x96.jpg', 0, 0, 1, 'pending', '2017-11-09 01:00:00', '2018-01-18 15:50:49');
INSERT INTO `ey_user` VALUES(2, '1527397554021890', 'Praseetha', 'praseetha2310@gmail.com', '', '9656237132', NULL, 0, '', 0, '41w-300x300.jpg', NULL, NULL, 3, 'approve', '2018-01-18 17:46:01', '2018-01-18 17:38:26');
INSERT INTO `ey_user` VALUES(6, '', 'chinnu', 'chinnu123@gmail.com', '6b62992c9da27b54b03fc76d5f9abfd2', '9539894160', 22, 1, 'daily', 0, 'dskf3.jpg', 0, 0, 4, 'approve', '2018-01-18 15:56:58', '2018-01-23 14:39:40');
INSERT INTO `ey_user` VALUES(7, '105796093644345203400', 'Praseetha', 'praseetha.sectorqube@gmail.com', 'b599a42675ba2cc5b2d4b146684a72af', '7034277126', NULL, 1, '', 0, '21w-1-200x200.jpg', NULL, NULL, 3, 'approve', '2018-01-25 17:46:22', '0000-00-00 00:00:00');
INSERT INTO `ey_user` VALUES(9, '', 'Prasi Test user 1', 'user1@gmail.com', '6ad14ba9986e3615423dfca256d04e3f', '8891018370', 25, 0, 'MD', 1, NULL, 0, NULL, 4, 'approve', '2018-01-18 17:52:42', '2018-01-23 14:40:35');
INSERT INTO `ey_user` VALUES(12, 'Sd5HQLo2kB', 'Praseetha G Nair', 'praseethagnair@hotmail.com', '', '9656237132', NULL, 1, '', 0, '40w-150x150.jpg', NULL, NULL, 3, 'approve', '2018-01-19 15:07:33', '2018-01-19 15:13:44');
INSERT INTO `ey_user` VALUES(13, 'p6L-pSo2VO', 'Nilena', 'nilena.123@gmail.com', '', '8891018370', NULL, NULL, '', 0, NULL, NULL, NULL, 3, 'approve', '2018-01-19 12:16:44', '2018-01-23 14:43:05');
INSERT INTO `ey_user` VALUES(14, '', 'counselor1', 'vipincouns1@sharklasers.com', '33ad6550b425d907b067b3fe80e9635d', '9633783709', NULL, NULL, '', 0, 'jgjk3.jpg', NULL, NULL, 3, 'approve', '2018-01-19 14:47:58', '2018-01-20 16:56:02');
INSERT INTO `ey_user` VALUES(16, '', 'vishnu', 'vishnu1995@gmail.com', '9baea88a52d949f8f2680b0c1c922552', '7878456343', NULL, 0, '', 0, 'dskd1.jpg', NULL, NULL, 2, 'approve', '2018-01-22 12:06:42', '2018-01-23 15:13:11');
INSERT INTO `ey_user` VALUES(17, '', 'Vinod Client', 'vinodtest@grr.la', 'f73ad67c17be3621e70515cfff2c81de', '8547869437', 40, 0, '', 0, 'sdj7.jpg', 1, NULL, 4, 'approve', '2018-01-22 16:36:39', '2018-02-02 12:48:09');
INSERT INTO `ey_user` VALUES(29, '', 'dsaf', 'bimal.sectorqube@gmail.com', '7815696ecbf1c96e6894b779456d330e', '8547966500', 23, 0, 'MS', 0, NULL, 0, NULL, 4, 'pending', '2018-02-07 12:45:18', '0000-00-00 00:00:00');
INSERT INTO `ey_user` VALUES(30, '', 'bimal', 'bimal.sectorqube@gmail.com', '7815696ecbf1c96e6894b779456d330e', '8547966500', NULL, NULL, '', 0, 'download1.jpg', NULL, NULL, 3, NULL, '2018-02-07 12:47:45', '0000-00-00 00:00:00');
INSERT INTO `ey_user` VALUES(31, '', 'bimal', 'bimal.sectorqube@gmail.com', '7815696ecbf1c96e6894b779456d330e', '8547966500', NULL, NULL, '', 0, 'download11.jpg', NULL, NULL, 3, NULL, '2018-02-07 13:00:36', '0000-00-00 00:00:00');
INSERT INTO `ey_user` VALUES(32, '109334509056109870876', 'eyogi', 'eyogimanager101@gmail.com', '', NULL, NULL, NULL, '', 0, NULL, NULL, NULL, 4, 'pending', '2018-02-07 13:02:51', '0000-00-00 00:00:00');
INSERT INTO `ey_user` VALUES(34, '', 'sherin', 'sherindom@gmail.com', '937f2fb111d320e228d45e05cc560ac4', '9539894160', 23, 0, 'MS', 0, NULL, 0, NULL, 4, 'pending', '2018-02-12 12:40:11', '0000-00-00 00:00:00');

-- --------------------------------------------------------

--
-- Table structure for table `ey_user_role`
--

CREATE TABLE `ey_user_role` (
  `id` int(11) NOT NULL AUTO_INCREMENT,
  `role_name` varchar(35) NOT NULL,
  `status` enum('ACTIVE','INACTIVE') NOT NULL,
  PRIMARY KEY (`id`)
) ENGINE=InnoDB  DEFAULT CHARSET=latin1 AUTO_INCREMENT=5 ;

--
-- Dumping data for table `ey_user_role`
--

INSERT INTO `ey_user_role` VALUES(1, 'administrator', 'ACTIVE');
INSERT INTO `ey_user_role` VALUES(2, 'admin', 'ACTIVE');
INSERT INTO `ey_user_role` VALUES(3, 'counselor', 'ACTIVE');
INSERT INTO `ey_user_role` VALUES(4, 'user', 'ACTIVE');

-- --------------------------------------------------------

--
-- Table structure for table `tbl_otp`
--

CREATE TABLE `tbl_otp` (
  `id` int(11) NOT NULL AUTO_INCREMENT,
  `mail` varchar(500) DEFAULT NULL,
  `phone` varchar(500) DEFAULT NULL,
  `msgotp` varchar(500) DEFAULT NULL,
  `mailotp` varchar(500) DEFAULT NULL,
  PRIMARY KEY (`id`)
) ENGINE=InnoDB  DEFAULT CHARSET=latin1 AUTO_INCREMENT=104 ;

--
-- Dumping data for table `tbl_otp`
--

INSERT INTO `tbl_otp` VALUES(84, 'bimal@gmail.com', '41', 'IFB-8603', 'IFB-02942');
INSERT INTO `tbl_otp` VALUES(85, 'bimal@gmail.com', '41', 'IFB-7568', 'IFB-68713');
INSERT INTO `tbl_otp` VALUES(86, '', '', 'IFB-6140', 'IFB-54258');
INSERT INTO `tbl_otp` VALUES(87, '', '', 'IFB-8492', 'IFB-47609');
INSERT INTO `tbl_otp` VALUES(88, '', '', 'IFB-0573', 'IFB-82576');
INSERT INTO `tbl_otp` VALUES(89, '', '', 'IFB-2670', 'IFB-13434');
INSERT INTO `tbl_otp` VALUES(90, '', '8547966500', 'IFB-884895', 'IFB-49576');
INSERT INTO `tbl_otp` VALUES(91, '', '8547966500', 'IFB-292236', 'IFB-62461');
INSERT INTO `tbl_otp` VALUES(92, '', '8547966500', 'IFB-236617', 'IFB-87172');
INSERT INTO `tbl_otp` VALUES(93, 'b@g.com', '8547966500', 'IFB-703370', 'IFB-76515');
INSERT INTO `tbl_otp` VALUES(94, 'b@g.com', '8547966500', 'IFB-431707', 'IFB-06452');
INSERT INTO `tbl_otp` VALUES(95, 'b@g.com', '8547966500', 'IFB-496250', 'IFB-27258');
INSERT INTO `tbl_otp` VALUES(96, 'b@g.com', '8547966500', 'IFB-878700', 'IFB-15590');
INSERT INTO `tbl_otp` VALUES(97, 'b@g.com', '8547966500', 'IFB-086582', 'IFB-21641');
INSERT INTO `tbl_otp` VALUES(98, '', '', 'IFB-151684', 'IFB-13537');
INSERT INTO `tbl_otp` VALUES(99, 'b@gm.com', '8547966500', 'IFB-079480', 'IFB-96869');
INSERT INTO `tbl_otp` VALUES(100, 'a@gm.com', '8547966500', 'IFB-745054', 'IFB-84257');
INSERT INTO `tbl_otp` VALUES(101, 'av@gm.com', '8547966500', 'IFB-664440', 'IFB-70426');
INSERT INTO `tbl_otp` VALUES(102, 'av@g.com', '8547966500', 'IFB-199315', 'IFB-77518');
INSERT INTO `tbl_otp` VALUES(103, '', '', 'IFB-340923', 'IFB-95275');

-- --------------------------------------------------------

--
-- Table structure for table `tbl_replydetails`
--

CREATE TABLE `tbl_replydetails` (
  `id` int(11) NOT NULL AUTO_INCREMENT,
  `name` varchar(500) DEFAULT NULL,
  `email` varchar(500) DEFAULT NULL,
  `phone` varchar(500) DEFAULT NULL,
  `address` varchar(500) DEFAULT NULL,
  `location` varchar(500) DEFAULT NULL,
  `model` varchar(500) DEFAULT NULL,
  `serialno` varchar(500) DEFAULT NULL,
  PRIMARY KEY (`id`)
) ENGINE=InnoDB  DEFAULT CHARSET=latin1 AUTO_INCREMENT=17 ;

--
-- Dumping data for table `tbl_replydetails`
--

INSERT INTO `tbl_replydetails` VALUES(15, 'bimal', 'b@gdf.com', '1234567893', 'apsara', 'pallipppuram', 'a1', 'a1');
INSERT INTO `tbl_replydetails` VALUES(16, 'bimal', 'b@gdf.com', '8547966500', 'apsara', 'pallipppuram', 'a1', 'a1');

-- --------------------------------------------------------

--
-- Table structure for table `tbl_userdetails`
--

CREATE TABLE `tbl_userdetails` (
  `id` int(11) NOT NULL AUTO_INCREMENT,
  `name` varchar(500) DEFAULT NULL,
  `email` varchar(500) DEFAULT NULL,
  `phone` varchar(500) DEFAULT NULL,
  `address` varchar(5000) DEFAULT NULL,
  `location` varchar(500) DEFAULT NULL,
  `model` varchar(500) DEFAULT NULL,
  `serialno` varchar(500) DEFAULT NULL,
  `msgotp` varchar(500) DEFAULT NULL,
  `mailotp` varchar(500) DEFAULT NULL,
  `status` int(11) DEFAULT NULL,
  PRIMARY KEY (`id`)
) ENGINE=InnoDB  DEFAULT CHARSET=latin1 AUTO_INCREMENT=70 ;

--
-- Dumping data for table `tbl_userdetails`
--

INSERT INTO `tbl_userdetails` VALUES(68, 'bimal', 'b@gdf.com', '1234567893', 'apsara', 'pallipppuram', 'a1', 'a1', 'IFB-621312', 'IFB-26730', 1);
INSERT INTO `tbl_userdetails` VALUES(69, 'bimal', 'b@gdf.com', '8547966500', 'apsara', 'pallipppuram', 'a1', 'a1', 'IFB-466424', 'IFB-95280', 1);

-- --------------------------------------------------------

--
-- Table structure for table `users`
--

CREATE TABLE `users` (
  `id` int(11) NOT NULL AUTO_INCREMENT,
  `oauth_provider` varchar(255) COLLATE utf8_unicode_ci NOT NULL,
  `oauth_uid` varchar(255) COLLATE utf8_unicode_ci NOT NULL,
  `first_name` varchar(255) COLLATE utf8_unicode_ci NOT NULL,
  `last_name` varchar(255) COLLATE utf8_unicode_ci NOT NULL,
  `email` varchar(255) COLLATE utf8_unicode_ci NOT NULL,
  `gender` varchar(10) COLLATE utf8_unicode_ci NOT NULL,
  `locale` varchar(10) COLLATE utf8_unicode_ci NOT NULL,
  `picture_url` varchar(255) COLLATE utf8_unicode_ci NOT NULL,
  `profile_url` varchar(255) COLLATE utf8_unicode_ci NOT NULL,
  `created` datetime NOT NULL,
  `modified` datetime NOT NULL,
  PRIMARY KEY (`id`)
) ENGINE=InnoDB  DEFAULT CHARSET=utf8 COLLATE=utf8_unicode_ci AUTO_INCREMENT=22 ;

--
-- Dumping data for table `users`
--

INSERT INTO `users` VALUES(1, 'facebook', '1527397554021890', 'Praseetha', 'G Nair', 'praseetha2310@gmail.com', 'female', 'en_US', 'https://scontent.xx.fbcdn.net/v/t1.0-1/p50x50/26239863_1583722785056033_948678574658371952_n.jpg?oh=19059da18a3a66ecb1551e1deaaf2959&oe=5AE05123', 'https://www.facebook.com/1527397554021890', '2018-01-18 15:52:18', '2018-01-25 17:44:57');
INSERT INTO `users` VALUES(2, 'facebook', '2058440997710124', 'Keerthi', 'Girish', 'keerthigirish17@gmail.com', 'female', 'en_US', 'https://scontent.xx.fbcdn.net/v/t1.0-1/c20.0.50.50/p50x50/22814539_2045246002362957_5422079160202912085_n.jpg?oh=ed8539810a05fa77a63ab74226991407&oe=5AE44103', 'https://www.facebook.com/2058440997710124', '2018-01-18 15:53:15', '2018-01-23 15:18:37');
INSERT INTO `users` VALUES(3, 'google', '103478014780583032510', 'keerthi', 'girish', 'keerthi.sectorqube@gmail.com', '', 'en', 'https://lh3.googleusercontent.com/-OcqcoAnXa9I/AAAAAAAAAAI/AAAAAAAAABE/YMzEZFnbNfs/photo.jpg', '', '2018-01-18 15:53:47', '2018-01-18 17:42:31');
INSERT INTO `users` VALUES(5, 'google', '105796093644345203400', 'Praseetha', 'nair', 'praseetha.sectorqube@gmail.com', '', 'en-GB', 'https://lh3.googleusercontent.com/-XdUIqdMkCWA/AAAAAAAAAAI/AAAAAAAAAAA/4252rscbv5M/photo.jpg', '', '2018-01-18 16:12:40', '2018-01-25 18:40:29');
INSERT INTO `users` VALUES(7, 'facebook', '10159819010035574', 'Vipin', 'Menon', 'vipin.menon@gmail.com', 'male', 'en_GB', 'https://scontent.xx.fbcdn.net/v/t1.0-1/p50x50/12661914_10156517360870574_1143165877867805678_n.jpg?oh=f273fac48ea56c429eef42d9923903c6&oe=5AEED16B', 'https://www.facebook.com/10159819010035574', '2018-01-19 10:14:47', '2018-01-19 10:14:47');
INSERT INTO `users` VALUES(8, 'linkedin', 'j9Ne6IXR3m', 'Vipin', 'Menon', 'vipin.menon@gmail.com', '', 'Cochin Are', 'https://media.licdn.com/mpr/mprx/0_PargOb0HrP_xu5100aHP1PJdN6mGo91tPoH1R-3HAXj_oQOP0xQp1vsd-lr0Wc71t2QgnTJWZGPi2tOapgzT9PN5jGPC2ts1xgzYjtTe9iQa6kT712_rg67MgBWt5tDG9OllsuKFXq-', 'https://www.linkedin.com/in/vipinvmenon', '2018-01-19 10:21:41', '2018-01-19 10:21:41');
INSERT INTO `users` VALUES(9, 'linkedin', 'Sd5HQLo2kB', 'praseetha', 'g nair', 'praseethagnair@hotmail.com', '', 'Cochin Are', 'https://media.licdn.com/mpr/mprx/0_-jYcUcAwXl73HRlOAJQcnthwXTv3eHm0Zuocjinw3rZ8eZiOqIoJP8UwFhApaRrxjukJri4ID9xhI2-GUmUIPiJFe9xTIub14mUqZG2o_cED3sy7N0Ds4nGRH_5lCurGlD0R0KFHkM4', 'https://www.linkedin.com/in/praseetha-g-nair-07756499', '2018-01-19 11:46:37', '2018-01-19 15:07:16');
INSERT INTO `users` VALUES(10, 'linkedin', 'p6L-pSo2VO', 'Nilena', 'Alexander', 'nilena.123@gmail.com', '', 'Cochin Are', 'https://media.licdn.com/mpr/mprx/0_fvQ1tga1c6okr3S-fl-PMU_1PGcM9l0_2l-gBH4-t9W4PT27LX-gVW_1rhzMPhYChXr1yUhPVboZvzTYL6_fsWSxxboJvvemL6_rleZtNQ0vx_P-WBzYApn_0-rdpv0xu5F09sHEDt-', 'https://www.linkedin.com/in/nilena-alexander-197a8a133', '2018-01-19 12:16:44', '2018-01-19 12:16:44');
INSERT INTO `users` VALUES(11, 'linkedin', '7A419DioEH', 'Praseetha', 'Nair', 'praseetha.sectorqube@gmail.com', '', 'Cochin Are', '', 'https://www.linkedin.com/in/praseetha-nair-4100ab151', '2018-01-19 15:06:37', '2018-01-19 15:06:37');
INSERT INTO `users` VALUES(12, 'linkedin', 'ikaBGxKRDq', 'Arun', 'C Shaji', 'arun.sectorqube@gmail.com', '', 'Cochin Are', 'https://media.licdn.com/mpr/mprx/0_1i3VQEDBNnP-KSmKn-jJBT2lznPYNfmKnQjpcqKBLBPOLiG1z0pjThSlXeOBKSG91Qjpv02lBttOFO0UAeKvlluBhttYFO1pieKvGKglhtOOFO2UlggYKkTg9WmtneCRLPuzXwjOhLiBksipfrA0nu', 'https://www.linkedin.com/in/aruncshaji', '2018-01-20 16:06:27', '2018-01-20 16:06:27');
INSERT INTO `users` VALUES(14, 'linkedin', 'psEq4WVN0L', 'Agbhikiran', 'Ambadi', 'agbhikiran.ambadi@gmail.com', '', 'Cochin Are', 'https://media.licdn.com/mpr/mprx/0_07Q7tgIGEIG8I2IMZoUE-F9GRQCDdhXMYoUWiiEXoJaHZ2esZLUD5Fw3JQGDd2XyZLUoPwoko7aSsAH1DXch5QECg7aDsAMJZXch9bUXH7GSsAQ-MAVIkPbewN-3IbHtD0I8ryRIg4xXJvWvIdekx0', 'https://www.linkedin.com/in/agbhikiran-ambadi-253b47151', '2018-01-23 15:28:59', '2018-01-23 15:31:02');
INSERT INTO `users` VALUES(15, 'facebook', '397209780750285', 'Luca', 'Aki', 'clementroy1000@gmail.com', 'male', 'en_GB', 'https://scontent.xx.fbcdn.net/v/t1.0-1/p50x50/14900566_133013807169885_1047874520949742922_n.jpg?oh=7416b7e675b10ab984b08a373e0e2ae3&oe=5AE43D8D', 'https://www.facebook.com/397209780750285', '2018-02-07 10:55:09', '2018-02-07 13:10:03');
INSERT INTO `users` VALUES(16, 'google', '109933198366785229851', 'Clement', 'roy', 'clementroy1000@gmail.com', '', 'en', 'https://lh6.googleusercontent.com/-Txo1jRiVoog/AAAAAAAAAAI/AAAAAAAAAA0/mpw7yq3jl08/photo.jpg', '', '2018-02-07 10:57:06', '2018-02-07 11:00:02');
INSERT INTO `users` VALUES(17, 'linkedin', 'MSt3C-T3Ff', 'Akhil', 's', 'akhilsachin121@gmail.com', '', 'Calicut Ar', 'https://media.licdn.com/mpr/mprx/0_7ujWfoUoud1zSM5cWsLWF2gIdj8NSeUn8uwFox6oeu3zH4UUhjLFbggoodgNeoL9WsFdX7tEhmKva2KF504vFOPQ5mKqa20ch04E20Qwm75ZXVXwummXuwesLREXb2e6Wyy5w3AnTsG', 'https://www.linkedin.com/in/akhil-s-151200127', '2018-02-07 11:00:58', '2018-02-07 13:10:29');
INSERT INTO `users` VALUES(18, 'linkedin', 's6l1Ec0dWz', 'luca', 'seo', 'clementroy1000@gmail.com', '', 'Calicut Ar', 'https://media.licdn.com/mpr/mprx/0_1UMy2Ugu5Hslwoa38DdMEijE5HRlwX83tDdgx5gE5Q9NVH_CADdpm1yo9wRZgkmbiDHJsgj75AUA4z1WQ85Kj8g2-AUl4ztDF85pYTuo-AcA4zSovveUpvK6XobgW_iE3UMres25-QoZUlCSwcbhy4', 'https://www.linkedin.com/in/luca-seo-230366159', '2018-02-07 11:29:06', '2018-02-07 13:15:49');
INSERT INTO `users` VALUES(19, 'google', '113385919760322926010', 'mrinal', 'seo', 'mrinalseo199@gmail.com', '', 'en-GB', 'https://lh3.googleusercontent.com/-XdUIqdMkCWA/AAAAAAAAAAI/AAAAAAAAAAA/4252rscbv5M/photo.jpg', '', '2018-02-07 11:46:38', '2018-02-07 11:46:38');
INSERT INTO `users` VALUES(20, 'google', '109334509056109870876', 'eyogi', 'manager101', 'eyogimanager101@gmail.com', '', 'en-GB', 'https://lh3.googleusercontent.com/-XdUIqdMkCWA/AAAAAAAAAAI/AAAAAAAAAAA/4252rscbv5M/photo.jpg', '', '2018-02-07 13:02:51', '2018-02-07 13:02:51');
INSERT INTO `users` VALUES(21, 'facebook', '1604159339678120', 'Akhil', 'Sachin', 'akhilsachin121@gmail.com', 'male', 'en_US', 'https://scontent.xx.fbcdn.net/v/t1.0-1/p50x50/26231664_1582002168560504_711481627536488307_n.jpg?oh=e60c25b968678f2e49af520e10d16db9&oe=5ADF9B1C', 'https://www.facebook.com/1604159339678120', '2018-02-07 13:03:43', '2018-02-07 13:14:50');
